iso3c,c001,c002,c003,c004,c005,c006,c007,c008,c009,c010,c011,c012,c013,c014,c015,c016,c017,c018,c019,c020,c021,c022,c023,c024,c025,c026,c027,c028,c029,c030,c031,c032,c033,c034,c035,c036,c037,c038,c039,c040,c041,c042,c043,c044,c045,c046,c047,c048,c049,c050,c051,c052,c053,c054,c055,c056,c057,c058,c059,c060,c061,c062,c063,c064,c065,c066,c067,c068,c069,c070,c071,c072,c073,c074,c075,c076,c077,c078,c079,c080,c081,c082,c083,c084,c085,c086,c087,c088,c089,c090,c091,c092,c093,c094,c095,c096,c097,c098,c099,c100,c101,c102,c103,c104,c105,c106,c107,c108,c109,c110,c111,c112,c113,c114,c115,c116,c117,c118,c119,c120,c121,c122,c123,c124,c125
ARM,0.001284408,0.002121367,0.00082473,0.001050102,0.000936496,0.000655948,0.000148627,0.000235688,0.000375634,0.002085061,0,0,0,0,0,0.002469898,0.00221388,0.00264612,0.002228345,0.0008602,0.001927504,0.001254244,0.001133758,0,0.001461838,0,0,0,0.000733165,0,0.002649564,0.002240843,0.002349154,0.002798951,0,0,0.002983016,0,0,0.002614655,0,0,0.002948891,0.001136193,0,0,0.001692341,0.001577666,0,0,0,0,0,0,0,0,0,0,0.00243868,0,0.002521488,3.54502E-05,,,,,,,,,,,,,,,,,,,,,,,,,,,,,,,,,,,,,,,,,,,,,,,,,,,,,,,,,,,,,,,
AFG,0.051837641,0.105286307,0.090979395,0.041722997,0.084330465,0.123465048,0.005085278,0.01780074,0,0.14116102,0,0.00490285,0.882513291,0,0.17001667,0.301200442,0.046151521,0.011123753,0.021581723,0.112274982,0.038732548,0.019052197,0.099881857,0.18207036,0.054253984,0.022632596,0.202474589,0,0,0,0.214789948,0.078966938,0.093564074,0.088251233,0.088251233,0,0,0.071643611,0,0.08825108,0,0.088251443,0.088251299,0.088251198,0,0,0,0,0.174973872,0,0,0,0.112765702,0.318686413,0,0,0,0,0.144614255,0,0.32910957,0.010213705,,,,,,,,,,,,,,,,,,,,,,,,,,,,,,,,,,,,,,,,,,,,,,,,,,,,,,,,,,,,,,,
ALB,15.06192859,9.601254698,4.364206681,10.11615777,2.182103559,12.09188214,9.725298981,7.033825512,0,13.09261917,0,1.479134167,0,0,0,27.42187645,5.764995701,7.066569719,5.926295907,8.468021661,15.01076045,5.517309951,13.09262092,15.5028876,21.44829524,0,12.5611295,0,5.980951049,0,17.45682847,21.82103166,21.82103341,4.364206245,4.364206681,4.364206681,4.364206681,10.2659404,0,8.27580236,0,0,8.540505897,13.54957299,0,0,0,15.53093156,0,0,0,0,0,0,0,0,0,0,4.364207117,0,0,0.205888197,,,,,,,,,,,,,,,,,,,,,,,,,,,,,,,,,,,,,,,,,,,,,,,,,,,,,,,,,,,,,,,
DZA,3.449322803,3.895458283,2.06390225,2.316695125,0,2.769154384,0,1.610811709,1.693681011,15.24310209,0,0,0,0,0,6.279866475,1.320237504,1.618310027,1.357177808,0,0,1.263515779,1.002798377,3.550304305,4.911862249,0,0,0,1.369692825,0,0,0,0,1.961052824,1.9195037,2.992872129,3.575838755,0,0,1.895235525,0,4.725360931,1.955855709,3.102979929,0,0,0,0,0,0,0,0,0,0,0,0,0,0,2.100837579,0,1.287194786,0.047150278,,,,,,,,,,,,,,,,,,,,,,,,,,,,,,,,,,,,,,,,,,,,,,,,,,,,,,,,,,,,,,,
AGO,0.049218022,0.081289861,0.031603309,0.040239509,0,0,0.005695323,0.009031478,0,0.079898713,0.012988542,0.067637152,0.259094571,0.002015181,0.062197447,0,0.084834963,0.101398196,0.085389199,0,0.073861113,0.048062109,0.043445112,0,0.056017059,0,0.06064224,0.035693946,0,0,0.101530139,0.085868171,0.090018536,0.107254626,0.093730036,0.109802777,0.114307904,0.086286869,0.036363724,0,0.076589815,0,0,0.043538475,0.044842389,0.031488144,0.064849794,0,0.050425192,0,0,0,0,0.093562202,0,0.064773508,0,0,0.093449165,0.025283862,0,0.001358437,,,,,,,,,,,,,,,,,,,,,,,,,,,,,,,,,,,,,,,,,,,,,,,,,,,,,,,,,,,,,,,
ATG,0,0,0,0,0,0,0,0,0,0,0,0,0,0,0,0,0,0,0,0,0,0,0,0,0,0,0,0,0,0,0,0,0,0,0,0,0,0,0,0,0,0,0,0,0,0,0,0,0,0,0,0,0,0,0,0,0,0,0,0,0,0,,,,,,,,,,,,,,,,,,,,,,,,,,,,,,,,,,,,,,,,,,,,,,,,,,,,,,,,,,,,,,,
ARG,7.423135442,7.423135442,2.969254875,7.423135878,5.905271778,11.87702963,7.80913032,2.969254046,5.938521359,29.69255093,11.6425875,1.187700693,0,0.803783308,1.48462735,22.01897287,5.938513503,5.938509576,0,6.799576719,1.48462735,2.969258236,1.484626914,12.44837149,1.484626914,0,10.08622542,12.5046955,4.802528834,0,10.39238936,10.3923863,10.39240114,8.907764363,8.907784439,8.907766982,0,2.969256141,0,2.969253217,2.969254482,0,2.969253435,2.969254701,7.721443807,0,0.014846271,12.47088905,0,0,0,0,0,19.30022878,0,0,0,0,2.969254701,0,4.513267906,0.165322512,,,,,,,,,,,,,,,,,,,,,,,,,,,,,,,,,,,,,,,,,,,,,,,,,,,,,,,,,,,,,,,
AUS,15.80737525,13.4206696,13.88300231,12.89598547,13.65715374,13.65713149,11.70903996,11.45694724,0,40.27505299,0,49.52692457,0,0,22.87642994,0,20.16750488,25.18786393,0,10.47778292,10.38541666,7.925079,9.119234617,11.26115802,9.20166968,0,0,0,10.42495594,0,61.63371833,59.49471154,32.99451407,21.11956443,16.20795923,27.63806878,57.04609919,14.16004128,0,18.05238164,39.34205194,0,15.45086538,0,0,0,0,19.37033235,0,0,0,0,0,0,0,0,0,0,80.91338254,0,0,0.539427162,,,,,,,,,,,,,,,,,,,,,,,,,,,,,,,,,,,,,,,,,,,,,,,,,,,,,,,,,,,,,,,
AUT,0,11.78335629,10.9105167,24.4395692,9.601254698,9.60125819,12.48873516,12.24389444,0,24.00314024,0,0,0,0,0,22.69387474,3.054944459,3.054945506,22.90437527,0,18.80866287,0,15.27472164,25.31239046,0,0,0,0,0,7.419152231,26.18524183,26.18523834,26.18524358,0,0,0,0,0,0,7.855571153,0,0,7.85557028,7.855572026,0,0,0,14.66704164,0,0,0,0,0,0,0,0,0,0,54.25035784,0,7.419151358,2.214673109,,,,,,,,,,,,,,,,,,,,,,,,,,,,,,,,,,,,,,,,,,,,,,,,,,,,,,,,,,,,,,,
BHA,0,0,0,0,0,0,0,0,0,0,0,0,0,0,0,0,0,0,0,0,0,0,0,0,0,0,0,0,0,0,0,0,0,0,0,0,0,0,0,0,0,0,0,0,0,0,0,0,0,0,0,0,0,0,0,0,0,0,0,0,0,0,,,,,,,,,,,,,,,,,,,,,,,,,,,,,,,,,,,,,,,,,,,,,,,,,,,,,,,,,,,,,,,
BHR,0,0,0,0,0,0,0,0,0,24.95164208,0,0,0,0,0,0,0,0,20.45152353,7.14058841,0,0,0,0,0,0,0,0,0,0,39.63851511,38.47252041,23.52490785,0,10.84305087,0,0,10.78140558,0,0,0,18.15738489,9.566007183,10.83317685,0,0,0,0,0,0,0,0,0,0,0,0,0,0,0,0,0,0.943444468,,,,,,,,,,,,,,,,,,,,,,,,,,,,,,,,,,,,,,,,,,,,,,,,,,,,,,,,,,,,,,,
BAR,0,0,0,0,0,0,0,0,0,0,0,0,0,0,0,0,0,0,0,0,0,0,0,0,0,0,0,0,0,0,0,0,0,0,0,0,0,0,0,0,0,0,0,0,0,0,0,0,0,0,0,0,0,0,0,0,0,0,0,0,0,0,,,,,,,,,,,,,,,,,,,,,,,,,,,,,,,,,,,,,,,,,,,,,,,,,,,,,,,,,,,,,,,
BGD,6.546310022,4.364205852,4.0305753,4.364206681,0,0,0.225288261,0.788609572,5.147792135,6.253724877,0.322534238,0.217206519,0,0,30.11301955,0,0.872841336,0.872841336,0.872841336,0,1.715931745,6.546308712,4.424972586,8.066093501,20.5117666,1.002670724,8.970044211,0,0,0,9.515636819,3.498398744,4.145081129,3.909711956,3.909714051,3.909714051,3.909716539,6.546308712,0.651618608,0,5.237050199,0,3.909714488,3.909710298,1.525947048,0,1.81385948,0,0,0,0,0,10.03767449,14.11846785,0,0,0,0,6.406707778,0.651619481,14.5802319,0.452488281,,,,,,,,,,,,,,,,,,,,,,,,,,,,,,,,,,,,,,,,,,,,,,,,,,,,,,,,,,,,,,,
BOL,0.054823221,0.109646451,0.082234812,0.041117399,0.683400944,0,0.108459317,0.0274116,0.274116254,0.822348207,0.247348798,1.288053444,4.934087844,0.038376284,0,0,1.615564461,1.930986539,0,0.62772414,0.087717194,0.915274169,0.827350635,1.12688831,0.16446962,0.127750079,1.154845941,0,0.535021321,0,0.328939213,1.635238785,1.714277841,2.042512531,1.78495643,2.091041419,0,1.643210969,0.692495601,1.908023567,1.458543578,0,2.151929652,0.829128657,0.164469593,0.599647017,1.234972427,1.151289288,0.96027669,0,0,0,0,0,0,0,0,0,1.779608008,0.48149546,0,0.02586953,,,,,,,,,,,,,,,,,,,,,,,,,,,,,,,,,,,,,,,,,,,,,,,,,,,,,,,,,,,,,,,
BWA,0.260529824,0.198186241,0.155888031,0.174981444,0.127208756,0.209156237,0.168220756,0.121665764,0.127924966,0.583898297,0.250799432,0.025584941,1.151322979,0,0.30038073,0,0.099718505,0.122232164,0.102508608,0.146473399,0.259644793,0.095434237,0.075742081,0,0.370996518,0,0,0,0,0,0.397281804,0.382055663,0.346040662,0.148119752,0.144981412,0.226053708,0.270085691,0.177572452,0,0.143148545,0.454648039,0.356909915,0.147727209,0.234370254,0.166331896,0,0.161939741,0.268642273,0.270710619,0,0,0,0.091593238,0.415756778,0,0.287829992,0,0,0.158677907,0,0,0.0035613,,,,,,,,,,,,,,,,,,,,,,,,,,,,,,,,,,,,,,,,,,,,,,,,,,,,,,,,,,,,,,,
BRA,15.02378761,21.84169531,5.19494346,15.71599705,12.06635022,21.60620097,16.20206581,9.604659216,12.66523328,139.7927671,17.12134361,3.326602577,168.7347107,2.174540301,21.98986056,73.43122513,5.847741496,8.013963052,4.364206681,18.39526165,28.26635568,17.15690753,9.515172904,33.67648465,56.01694506,3.251994195,27.29077874,25.24221838,11.15241639,0,52.8180383,47.6309779,43.45277764,10.36605792,9.64782122,8.872218336,5.673468685,11.48341964,16.63045546,19.16945795,59.72411606,0,16.62919159,27.87054178,10.33989799,14.03207227,17.05835894,25.87408001,27.44571637,0,0,0,12.53504332,53.89675235,0,28.99525763,0,0,13.23225545,12.53123861,15.05132881,0.455704919,,,,,,,,,,,,,,,,,,,,,,,,,,,,,,,,,,,,,,,,,,,,,,,,,,,,,,,,,,,,,,,
BZE,9.796629757,0,0,8.009498032,0,0,0,1.797678093,0,15.90349821,2.585318287,13.46289418,51.57169506,0.401113293,12.38014017,0,16.88604566,20.18288435,16.99636277,6.561045765,14.70174625,9.566558382,8.647565997,11.77836757,0,1.33525858,0,0,0,0,20.20915338,17.09170017,17.91781831,21.34858447,18.65657071,21.85578122,22.75250437,17.17502553,7.238044636,0,15.24487308,0,0,8.666144425,8.925670267,6.267582543,0,0,10.03692298,0,0,0,0,0,0,12.89288994,0,0,0,5.03264647,19.2322711,0.270391338,,,,,,,,,,,,,,,,,,,,,,,,,,,,,,,,,,,,,,,,,,,,,,,,,,,,,,,,,,,,,,,
SLB,0,0,0,0,0,0,0,0,0,0,0,0,0,0,0,0,0,0,0,0,0,0,0,0,0,0,0,0,0,0,0,0,0,0,0,0,0,0,0,0,0,0,0,0,0,0,0,0,0,0,0,0,0,0,0,0,0,0,0,0,0,0,,,,,,,,,,,,,,,,,,,,,,,,,,,,,,,,,,,,,,,,,,,,,,,,,,,,,,,,,,,,,,,
BRN,0.24381565,0,0,0,0,0,0,0,0,0,0.049676578,0.418225199,0.610731316,0,0,0,0,0,0,0,0,0,0,0,0,0.015662581,0,0,0,0,0,0,0.255979863,0.139633827,0.117985695,0,0,0.117314929,0,0,0.38398414,0,0,0.117878248,0,0,0,0,0.121088279,0,0,0,0,0,0,0,0,0,0,0.057102236,0,0.010265833,,,,,,,,,,,,,,,,,,,,,,,,,,,,,,,,,,,,,,,,,,,,,,,,,,,,,,,,,,,,,,,
BGR,35.55235553,0,0,0,17.35913396,28.54182921,22.95571492,16.60272966,17.45686164,79.67980025,0,0,0,0,0,64.72690655,13.60776227,16.6800167,13.98849741,0,0,0,0,0,50.6268094,0,0,0,0,0,54.2137596,52.13600008,47.22129236,0,0,0,0,0,0,19.53428992,0,0,20.15911426,31.98256408,0,0,0,36.6593994,0,0,0,0,0,0,0,0,0,0,21.65346314,0,0,0,,,,,,,,,,,,,,,,,,,,,,,,,,,,,,,,,,,,,,,,,,,,,,,,,,,,,,,,,,,,,,,
MMR,0.47153573,1.406387904,1.215280603,0.196473133,1.126465462,1.649215637,0.067927825,0.237777866,1.552138224,1.885593727,0,0.065491062,11.7883939,0,0.491183388,4.02336083,0.616480111,0.148588359,0.28828342,1.499741253,0,0.032745537,1.334197161,2.432051058,0.724711084,0,2.70460816,0.392946401,1.215471755,0,0.687656002,0.687655871,0.687655783,1.17883808,1.178837993,1.178838473,1.178839521,0.956997512,0.196472849,1.178836117,0.966225583,1.178840786,1.17883891,1.178838691,0.13098204,1.764167095,0.196473133,2.750628545,2.337257871,0,0,0,1.506296335,4.256936576,0,2.947091033,0,0,0.294709596,0,4.396163148,0.136432171,,,,,,,,,,,,,,,,,,,,,,,,,,,,,,,,,,,,,,,,,,,,,,,,,,,,,,,,,,,,,,,
BDI,0.305560354,0.620616855,0,0.245938753,0,0,0.02997548,0.1049276,0,0.832082788,0.042914447,0.028900161,0,0.078233301,1.002174165,0,0.272043015,0.065569709,0,0,0.22831143,0.112304366,0,0,0.31980358,0,0,0.173401003,0,0,0,0,0.551519244,0,0,0,0,0.422307688,0,0,0,0,0,0.520202264,0.203033238,0,0.241341114,0,0,0,0,0,0,0,0,0,0,0,0.852437666,0,0,0.060205344,,,,,,,,,,,,,,,,,,,,,,,,,,,,,,,,,,,,,,,,,,,,,,,,,,,,,,,,,,,,,,,
CMR,1.380908051,2.28074973,0,1.12899836,0,0,0.159793669,0.253396279,0.403856516,2.241717182,0.364420117,1.897697156,7.269416299,0.056539952,1.745074171,0,2.38021419,0,2.395764164,0,2.072320587,1.348478329,0,0,1.571669183,0.188214819,1.701439218,1.001466858,0,0,2.848633789,2.409204393,2.525651814,3.009243708,2.629784404,3.080737007,0,2.420948822,1.020257299,0,2.148880337,2.225183079,0,1.221558427,1.258140822,0.88346303,1.819491532,0,1.414779706,0,0,0,0.401366867,2.625075861,0,1.817350147,0,0,2.621904218,0.70938962,0,0.038113709,,,,,,,,,,,,,,,,,,,,,,,,,,,,,,,,,,,,,,,,,,,,,,,,,,,,,,,,,,,,,,,
CAN,0,5.763881519,5.688292586,11.5943425,4.369750969,4.544043419,0,6.888051408,0,32.43856302,0,0,0,0,0,14.90302085,10.6050877,11.07371403,0,4.870192804,10.41548125,0,7.316905851,4.509550038,0,0,0,0,0,0,25.81281964,27.25382177,17.29371319,0,0,0,26.23995895,0,0,7.721569496,0,0,5.961764687,7.361424687,0,0,0,0,0,0,0,0,0,0,0,0,0,0,30.86059376,0,0,0.653971832,,,,,,,,,,,,,,,,,,,,,,,,,,,,,,,,,,,,,,,,,,,,,,,,,,,,,,,,,,,,,,,
CPV,0,0,0,0,0,0,0,0,0,0,0,0,0,0,0,0,0,0,0,0,0,0,0,0,0,0,0,0,0,0,0,0,0,0,0,0,0,0,0,0,0,0,0,0,0,0,0,0,0,0,0,0,0,0,0,0,0,0,0,0,0,0,,,,,,,,,,,,,,,,,,,,,,,,,,,,,,,,,,,,,,,,,,,,,,,,,,,,,,,,,,,,,,,
CAF,0.067575446,0.137250983,0.118600555,0.054389978,0,0,0.006629154,0.023205013,0.151474871,0.18401715,0.009490642,0.006391344,1.150442282,0.017301498,0.221633321,0,0.060162994,0.014500909,0.028133885,0,0.050491667,0.024836393,0.13020577,0,0.070725382,0,0.263945365,0.038348083,0,0,0.279999676,0.10294114,0.121969879,0.115044141,0.115044102,0.115044115,0,0.093394446,0.019174026,0,0.094295005,0.115044372,0,0.115044089,0.044901319,0.172167037,0.053373209,0,0,0,0,0,0,0.415438902,0,0.287609979,0,0,0.188518764,0.019174037,0.42902648,0.013314553,,,,,,,,,,,,,,,,,,,,,,,,,,,,,,,,,,,,,,,,,,,,,,,,,,,,,,,,,,,,,,,
LKA,5.611040018,0,0,12.5541987,0,0,12.5541939,2.532804269,0,12.55419477,12.55419565,12.5541987,0,0,12.55419477,0,12.55419477,0,0,0,20.7137482,12.55419477,0,0,0,2.300929952,12.55419608,0,0,0,12.5541987,12.55419477,25.24498398,12.55419565,12.55419477,0,0,0,12.55419608,0,12.55419608,0,0,12.55419608,12.5541939,12.55419565,14.73402218,0,12.55419215,0,0,0,0,0,0,0,0,0,30.11392862,4.844062989,0,0.380962765,,,,,,,,,,,,,,,,,,,,,,,,,,,,,,,,,,,,,,,,,,,,,,,,,,,,,,,,,,,,,,,
TCD,0.092088615,0.187039162,0,0.074120076,0,0,0.009033907,0.031622705,0.206422834,0.250769777,0.012933397,0.008709826,1.567768717,0.023577675,0.302031496,0,0.081987279,0,0.038339535,0,0.068807658,0.03384587,0.177438305,0,0.096381213,0.040206395,0.359692416,0,0,0,0.381570393,0.140283365,0.16621494,0.156776688,0.156776702,0.156776728,0,0.12727353,0.026129449,0,0.128500832,0.156777134,0,0.156776649,0,0,0.072734497,0,0.310837889,0,0,0,0.200326173,0,0,0,0,0,0.256904586,0,0.584657102,0.018144459,,,,,,,,,,,,,,,,,,,,,,,,,,,,,,,,,,,,,,,,,,,,,,,,,,,,,,,,,,,,,,,
CHL,41.14965572,51.43707238,46.2933791,64.29634702,12.78729578,51.43704619,16.90991918,46.29335292,12.85928817,67.18967639,25.21089516,2.571851175,115.7334412,0,30.19491171,152.7038143,51.43705928,51.43705492,0,0,26.10004815,9.593252052,46.29334855,96.44453362,37.29334668,0,0,0,10.39941006,0,61.08149781,51.43706365,51.43707238,14.88931244,14.57384576,22.72340165,0,17.84996232,11.35376561,14.3895859,45.70219057,0,26.04003507,23.55940909,16.72003909,19.69825229,16.27852889,27.00449944,0,0,0,0,0,41.79281279,0,0,0,0,23.14667559,0,9.773036856,1.357390912,,,,,,,,,,,,,,,,,,,,,,,,,,,,,,,,,,,,,,,,,,,,,,,,,,,,,,,,,,,,,,,
CHN,22.91103941,35.9985721,12.96274125,16.03931014,9.258968223,6.665925944,8.64358715,11.20446915,3.640326979,20.85440134,15.60351399,18.95396128,83.60364538,0,28.95431308,22.98653888,26.69958061,26.6651073,26.6660862,8.822462889,26.13320958,28.47541297,11.0175384,22.9735283,31.72545383,1.884309123,17.66356312,9.553543445,7.520717358,0,27.41962365,27.39029487,27.45123185,31.53601147,31.18677718,32.19378907,30.82085765,34.0872237,0,29.1312162,22.5332619,22.57473234,37.65066872,12.51088351,11.99699512,0,19.57973746,16.18098931,13.4963755,0,0,0,28.19324388,28.19445276,0,17.33673729,0,0,26.73950786,17.3367303,24.08654372,0.325706305,,,,,,,,,,,,,,,,,,,,,,,,,,,,,,,,,,,,,,,,,,,,,,,,,,,,,,,,,,,,,,,
COL,19.18461746,17.05299141,14.38846386,10.65811848,5.29923709,8.712991565,0,19.18460917,0,26.64530297,10.44775456,1.065812154,47.96158838,0.721294477,27.97757744,19.75924601,21.31625224,21.31624395,21.31624569,0,5.195835068,3.975578615,3.155248199,0,5.195831577,1.027168849,9.05111546,7.993597481,0,0,19.18462619,21.31623216,21.31623216,3.197435588,6.039609915,9.416900134,11.25117489,13.32265869,4.705158146,5.963255064,18.93965192,0,6.153989226,9.763353554,7.993598354,4.796157529,6.746053651,0,11.27721088,0,0,0,0,0,0,11.9903624,0,0,1.865172338,3.836923448,0,0.148355973,,,,,,,,,,,,,,,,,,,,,,,,,,,,,,,,,,,,,,,,,,,,,,,,,,,,,,,,,,,,,,,
COG,1.240839754,2.049408196,0.79675436,1.01448162,0,0,0.143585298,0.227693576,0,2.014334115,0.327455972,1.705207841,6.53206045,0.050804956,1.568066705,0,2.138783876,2.556360511,2.152756625,0,0,1.211698462,0,0,1.412250561,0.169123618,1.528857974,0.899885365,0,0,2.559687869,2.164832167,2.269468343,2.704008387,2.363037894,2.768249553,0,2.175386259,0.916769913,0,1.930912871,0,0,1.097652664,1.130523738,0.793851028,1.634935167,0,0,0,0,0,0,2.358807625,0,0,0,0,2.355957842,0.637434326,0,0.034247715,,,,,,,,,,,,,,,,,,,,,,,,,,,,,,,,,,,,,,,,,,,,,,,,,,,,,,,,,,,,,,,
COS,20.9653098,0,0,8.386122959,0,0,0,9.969773547,0,209.6530631,20.55149397,0,94.34392311,1.418837589,18.86878419,0,20.96530631,0,0,12.00260793,21.27631669,7.820260357,0,0,37.73755877,2.020516013,17.80419837,20.96530456,0,0,56.60633117,78.61991337,78.61990028,18.86876935,18.86877764,18.86877764,0,19.65497551,19.654979,0,41.93061261,0,0,19.65497725,26.20663299,9.172323009,0,0,22.18310021,0,0,0,0,0,0,0,0,0,157.2397787,0,0,0.29182682,,,,,,,,,,,,,,,,,,,,,,,,,,,,,,,,,,,,,,,,,,,,,,,,,,,,,,,,,,,,,,,
CUB,8.574337227,0,0,4.398149735,0,0,0,3.058060153,0,0.411568423,6.303824224,0.643075674,0,0.435204599,3.119237646,0,2.506416966,0,0,0,0,2.398732304,0,0,0,0.61975942,0,0,0,0,8.038443196,5.305372291,8.697704185,3.722977852,3.644097348,5.681843162,6.788580227,0,2.838936696,0,11.42754427,0,0,5.89087906,4.180740975,4.925422276,0,0,0,0,0,0,0,10.45001434,0,7.234585129,0,0,9.774745879,0,0,0.089512973,,,,,,,,,,,,,,,,,,,,,,,,,,,,,,,,,,,,,,,,,,,,,,,,,,,,,,,,,,,,,,,
CYP,0,0,0,0,0,0,0,0,0,0,0,0,0,0,0,0,0,0,57.24812704,0,0,0,0,0,0,0,36.04600928,0,0,0,0,0,65.85118293,0,0,0,107.9601432,30.17942532,0,0,0,0,0,30.32434753,0,0,0,0,0,0,0,0,0,0,0,0,0,0,0,0,58.59440188,2.640899733,,,,,,,,,,,,,,,,,,,,,,,,,,,,,,,,,,,,,,,,,,,,,,,,,,,,,,,,,,,,,,,
CZE,0,7.372202968,6.529990071,9.750420228,3.102406603,3.102406603,15.84990619,0,12.1722525,29.25126243,0,0,0,0,0,12.85283045,19.38056117,6.648014803,29.06877574,0,23.8707625,0,2.216005371,8.420820147,0,0,0,0,0,6.204813904,34.56966973,34.56966668,34.56967672,0,0,0,0,0,0,6.648015676,0,0,28.80806589,6.648012621,0,0,0,18.61444433,0,0,0,0,0,0,0,0,0,0,68.85110805,0,0.886401974,0,,,,,,,,,,,,,,,,,,,,,,,,,,,,,,,,,,,,,,,,,,,,,,,,,,,,,,,,,,,,,,,
AZE,0,0.258779711,0.600660778,0.271102603,0.49015505,0.805911382,0.648180879,0.468797146,0.492914756,0.246456846,0,0,0,0,1.15741371,0.246456924,0.38423087,0.470979599,0.394981605,0.564384794,1.000451831,0.367723027,0.291845992,0,0.258779738,0,0.837186248,0,0.398624268,0,0.246456793,0.246456898,0.246456872,0.5707283,0.558635912,0.871020153,1.040682048,0.684214301,0,0.551573622,0,1.375229476,0.569215927,0.903064951,0,0,0.23413398,1.035120521,0,0,0,0,0,0,0,0,0,0,0.258779738,0,0.374614494,0.004834145,,,,,,,,,,,,,,,,,,,,,,,,,,,,,,,,,,,,,,,,,,,,,,,,,,,,,,,,,,,,,,,
BEN,2.92341303,5.937677758,0,2.352990312,0,0,0.286786833,1.003882403,6.553023917,7.960850656,0.410578952,0.276498836,0,0.748488155,9.58818259,0,2.60273972,0.627330402,1.217113177,6.331806208,2.184342702,1.074458782,0,0,3.05968211,1.276377707,11.41866093,1.658993467,0,0,12.11319343,4.453382698,5.276597331,4.97697534,4.976975776,4.976977086,4.976981886,4.040379359,0,0,4.079339331,4.97698756,0,4.976974467,1.942496218,0,0,0,9.867747997,0,0,0,0,17.97249091,0,0,0,0,8.155599452,0,0,0.576007375,,,,,,,,,,,,,,,,,,,,,,,,,,,,,,,,,,,,,,,,,,,,,,,,,,,,,,,,,,,,,,,
DNK,0,5.653364531,5.320812418,0,4.323159484,4.323160706,0,0,0,11.63927768,0,0,0,0,0,11.63927768,0,5.320813291,21.8114256,0,0,0,0,5.320812855,0,0,0,0,0,0,13.30203083,13.30203083,13.30203345,0,0,0,0,0,0,11.76512657,0,0,0,0,0,0,0,0,0,0,0,0,0,0,0,0,0,0,0,0,3.325507336,1.445790493,,,,,,,,,,,,,,,,,,,,,,,,,,,,,,,,,,,,,,,,,,,,,,,,,,,,,,,,,,,,,,,
DMI,0,0,0,0,0,0,0,0,0,0,0,0,0,0,0,0,0,0,0,0,0,0,0,0,0,0,0,0,0,0,0,0,0,0,0,0,0,0,0,0,0,0,0,0,0,0,0,0,0,0,0,0,0,0,0,0,0,0,0,0,0,0,,,,,,,,,,,,,,,,,,,,,,,,,,,,,,,,,,,,,,,,,,,,,,,,,,,,,,,,,,,,,,,
DOM,10.66968581,0,0,4.742081953,0,0,0,5.92760255,0,17.78280852,1.580694232,0.790347007,0,0.534871366,7.11312533,0,7.113123148,9.484162597,0,0,0,2.94806975,0,0,0,1.580694319,0,8.321154323,0,0,10.66968581,15.80693882,15.80694057,10.66968494,10.66968407,10.66968407,0,10.66968669,4.742082389,0,14.2262476,0,0,7.239955722,3.16138842,1.580694406,0,0,0,0,0,0,0,0,0,8.891385932,0,0,10.66968319,0,0,0.050393451,,,,,,,,,,,,,,,,,,,,,,,,,,,,,,,,,,,,,,,,,,,,,,,,,,,,,,,,,,,,,,,
BLR,0,5.319210318,5.319209009,5.319211627,5.319210318,5.319209009,0,5.319209881,5.319208136,10.6384298,0,0,0,0,0,10.63842238,4.146372192,5.082511022,4.262387557,6.090477362,10.79623559,0,3.149416571,11.15018584,0,0,0,0,0,0,16.51928079,15.88617929,14.38864192,0,0,0,0,0,0,5.952228023,0,0,6.142614357,9.745301013,0,0,6.733582931,11.17035895,0,0,0,0,0,17.28749681,0,0,0,0,6.597952552,0,4.042600261,0.64187495,,,,,,,,,,,,,,,,,,,,,,,,,,,,,,,,,,,,,,,,,,,,,,,,,,,,,,,,,,,,,,,
ECU,10.47409865,0.436420668,0.436420668,10.47409254,3.357687949,2.351817693,0,0.845030953,1.34678877,65.46312204,0.872841336,6.328475882,24.24220537,0.188550526,6.109885426,8.855508662,7.937591617,9.487329701,7.989445375,3.084137772,4.364207117,4.496934426,0,0,4.364208863,0.627662387,5.673993699,6.109888917,2.628669567,0,9.499677788,8.034263159,8.422592888,10.03528465,8.769857178,10.27370519,10.69522908,6.109889353,3.402374239,9.374511467,7.166131238,7.420584563,10.5728768,4.073678125,0.436420668,0.32731558,6.067675691,0,4.71803692,0,0,0,1.338487176,0,0,0,0,0,8.743574616,2.365685135,0,0.127102339,,,,,,,,,,,,,,,,,,,,,,,,,,,,,,,,,,,,,,,,,,,,,,,,,,,,,,,,,,,,,,,
EGY,9.114064777,9.114063032,9.114066523,9.114064777,6.364800047,0,0,1.601832048,0,36.45625911,0,11.99619603,45.95328521,0,5.105918008,2.042367509,18.2281313,17.98408792,15.14471323,5.846260284,13.68386487,9.114063032,13.68386313,0,14.57739647,0,19.75991024,0,4.982879675,0,27.34219651,18.22813436,15.96578897,15.80281378,16.62405579,19.47473115,20.27376983,54.68437819,0,15.80282032,0,14.06639239,23.07874933,7.722025119,0,0,0,0,0,0,0,0,2.53722329,0,0,0,0,0,0,0,0,0.240933907,,,,,,,,,,,,,,,,,,,,,,,,,,,,,,,,,,,,,,,,,,,,,,,,,,,,,,,,,,,,,,,
ELS,10.03193163,8.584034058,0,5.015965162,0,0,0,0.953704325,0,6.079958315,1.371563455,7.142335401,27.35982049,0,7.447949448,0,9.226337049,0,0,0,7.799572708,5.075251601,0,0,5.915272357,0,2.431982977,3.769208854,2.966724377,0,24.01583091,9.067493455,9.50576542,13.07190883,9.897686454,11.59493298,12.07066293,0,6.079957442,10.5801048,8.087713344,0,11.93257681,4.597565613,12.76791085,3.32507864,0,0,5.324789956,0,0,0,0,9.879966902,0,0,0,0,9.868028615,0,0,0.143448043,,,,,,,,,,,,,,,,,,,,,,,,,,,,,,,,,,,,,,,,,,,,,,,,,,,,,,,,,,,,,,,
EST,0,7.855572026,4.028162985,0,9.758363957,0,0,0,0,1.985713691,0,0,0,0,0,38.14927672,28.58961596,13.09261568,0,0,0,0,0,7.855572899,0,0,0,0,0,0,10.08131743,10.08132005,10.08131743,0,0,0,0,0,0,5.935321086,0,0,0,0,0,0,0,0,0,0,0,0,0,0,0,0,0,0,0,0,0,1.978150651,,,,,,,,,,,,,,,,,,,,,,,,,,,,,,,,,,,,,,,,,,,,,,,,,,,,,,,,,,,,,,,
FJI,0,0,0,0,0,0,0,0,0,0,0,0,0,0,0,0,0,0,0,0,0,0,0,0,0,0,0,0,0,0,0,0,0,0,0,0,0,0,0,0,0,0,0,0,0,0,0,0,0,0,0,0,0,0,0,0,0,0,0,0,0,0,,,,,,,,,,,,,,,,,,,,,,,,,,,,,,,,,,,,,,,,,,,,,,,,,,,,,,,,,,,,,,,
FIN,0,10.47409516,9.164833157,0,10.03767886,10.03767711,0,0,0,50.1883812,0,0,0,0,0,34.91365694,0,10.91051408,0,0,0,0,0,13.09262441,0,0,0,0,0,0,34.91365999,34.91365999,34.91366698,0,0,0,0,0,0,21.8210286,0,0,0,0,0,0,0,0,0,0,0,0,0,0,0,0,0,0,0,0,0,10.91051758,,,,,,,,,,,,,,,,,,,,,,,,,,,,,,,,,,,,,,,,,,,,,,,,,,,,,,,,,,,,,,,
FRA,15.23465124,24.13440074,14.60681385,19.25926285,11.4018212,12.15013557,10.86217569,10.64922859,0,9.193497267,0,0,0,0,0,12.14215256,25.81500392,25.81764776,19.92125889,0,15.13639593,0,24.98123576,13.607922,0,0,0,0,9.310025513,15.25134782,12.14972926,12.14994878,12.14963107,6.074604306,6.074574629,6.074645766,0,0,0,6.074985738,0,0,6.858366074,0,0,0,0,12.77581792,0,0,0,0,0,0,0,0,0,0,53.65811753,0,13.49739192,7.498758415,,,,,,,,,,,,,,,,,,,,,,,,,,,,,,,,,,,,,,,,,,,,,,,,,,,,,,,,,,,,,,,
PYF,0,0,0,0,0,0,0,0,0,0,0,0,0,0,0,0,0,0,0,0,0,0,0,0,0,0,0,0,0,0,0,0,0,0,0,0,0,0,0,0,0,0,0,0,0,0,0,0,0,0,0,0,0,0,0,0,0,0,0,0,0,0,,,,,,,,,,,,,,,,,,,,,,,,,,,,,,,,,,,,,,,,,,,,,,,,,,,,,,,,,,,,,,,
DJI,0,0,0,0,0,0,0,0,0,0,0,0,0,0,0,0,0,0,0,0,0,0,0,0,0,0,0,0,0,0,0,0,0,0,0,0,0,0,0,0,0,0,0,0,0,0,0,0,0,0,0,0,0,0,0,0,0,0,0,0,0,0,,,,,,,,,,,,,,,,,,,,,,,,,,,,,,,,,,,,,,,,,,,,,,,,,,,,,,,,,,,,,,,
GEO,0.710087587,1.172801903,0.455953723,0.580551212,0.517743645,0.362642152,0,0.130300783,0.20767012,1.15273048,0,0,0,0,0,1.365488043,1.223948572,1.462913196,1.231944671,0.475563238,1.065624275,0.693411168,0.626800151,0.853729428,0.808179897,0,0,0,0,0,1.46481647,1.238854869,1.298734752,1.547405678,0,0,0,0,0,1.445516814,0,0,1.63030003,0.628146814,0,0,0.935614034,0.872215422,0,0,0,0,0,1.349860124,0,0,0,0,1.348229133,0,1.394009486,0.019598733,,,,,,,,,,,,,,,,,,,,,,,,,,,,,,,,,,,,,,,,,,,,,,,,,,,,,,,,,,,,,,,
GAB,0.429116876,0,0,0.288211079,0,0,0,0,0,0.961735033,0.413090008,0.04214078,1.89633596,0.02851898,0.494754924,0,0.164245662,0.201327754,0.168841132,0,0.427659095,0.15718908,0,0,0,0.040612869,0.357868692,0.443678213,0,0,0.654360116,0,0.569960854,0.243966965,0.238797851,0.372331516,0.444856243,0.292478357,0.186035722,0,0.748847373,0,0,0.386029674,0.273964157,0.322763201,0,0,0,0,0,0,0,0,0,0,0,0,0.261357234,0.15170675,0,0.005865791,,,,,,,,,,,,,,,,,,,,,,,,,,,,,,,,,,,,,,,,,,,,,,,,,,,,,,,,,,,,,,,
GMB,0.497878343,0,0,0.400731194,0,0,0.048841879,0.170968451,1.116027283,1.355790732,0.069924555,0,0,0,1.632936753,0,0,0,0.207283207,1.078352571,0,0.182988088,0,0,0.521086103,0.217376317,1.944680852,0.282538592,0,0,2.062964557,0.758443478,0.898642482,0.847614912,0,0,0,0.688105864,0,0,0,0,0,0.84761465,0,0,0,0,0,0,0,0,0,0,0,0,0,0,0,0,0,0.098098236,,,,,,,,,,,,,,,,,,,,,,,,,,,,,,,,,,,,,,,,,,,,,,,,,,,,,,,,,,,,,,,
DEU,0,10.54783062,10.75828139,18.21914453,8.165291918,8.812648661,14.3877394,0,11.0493539,25.90612245,0,0,0,0,0,24.67385465,8.340208013,10.57745005,19.72152486,0,19.06631429,0,10.3363704,15.74194662,0,0,0,0,0,10.57540804,14.06679171,14.09809355,14.10024816,0,0,0,0,0,0,8.812532137,0,0,9.954117392,10.43844658,0,0,0,14.80557422,0,0,0,0,0,0,0,0,0,0,63.55804108,0,10.57933321,2.579405486,,,,,,,,,,,,,,,,,,,,,,,,,,,,,,,,,,,,,,,,,,,,,,,,,,,,,,,,,,,,,,,
BIH,0,3.642001743,2.864701968,3.215577465,2.337672601,3.843593091,3.09133688,2.235810403,0,10.73010345,0,0,0,0,0,8.716468965,1.832492897,2.246218599,0,0,4.771404185,0,1.39188678,4.9278335,0,0,0,0,1.901137896,0,7.300712462,7.020909206,6.359068971,2.721945495,0,0,0,0,0,2.630591607,0,0,2.71473229,4.306942136,0,0,0,4.936747828,0,0,0,0,0,0,0,0,0,0,2.915968828,0,0,0.065444775,,,,,,,,,,,,,,,,,,,,,,,,,,,,,,,,,,,,,,,,,,,,,,,,,,,,,,,,,,,,,,,
GHA,0.258389368,0,0,0.207971905,0,0.615422358,0.025348006,0.088729389,0.579197043,0,0.03628952,0.024438693,4.398967587,0.066156027,0.847463256,0,0.230046268,0,0.107576032,0.559644349,0,0.094967337,0,0,0.270433924,0.112814202,1.009252559,0.146632217,0,0,1.070639315,0.39361776,0.466378416,0.439896104,0.439896191,0,0,0.357113724,0.073316023,0,0.360557441,0,0,0.43989593,0.171689925,0.65831784,0,0,0.872172696,0,0,0,0,0,0,0,0,0,0.720842302,0.073316076,0,0.050911129,,,,,,,,,,,,,,,,,,,,,,,,,,,,,,,,,,,,,,,,,,,,,,,,,,,,,,,,,,,,,,,
KIR,0,0,0,0,0,0,0,0,0,0,0,0,0,0,0,0,0,0,0,0,0,0,0,0,0,0,0,0,0,0,0,0,0,0,0,0,0,0,0,0,0,0,0,0,0,0,0,0,0,0,0,0,0,0,0,0,0,0,0,0,0,0,,,,,,,,,,,,,,,,,,,,,,,,,,,,,,,,,,,,,,,,,,,,,,,,,,,,,,,,,,,,,,,
GRC,14.40188379,8.728419036,7.85557028,19.63893487,14.40188379,14.40188685,16.23218887,15.9139531,12.46583486,50.1883812,0,55.94786403,0,0,0,28.36733994,8.728415981,8.728412489,29.76988468,10.39406521,24.4464965,18.21884165,13.09261262,14.57954934,22.85670024,0,18.74445797,0,11.18687878,0,39.27787017,39.2778802,39.27784355,14.83829791,14.83829791,14.83830272,14.83830446,14.83829791,0,14.83829791,0,14.83830272,14.83830097,14.83830272,0,0,163.4005024,19.0634326,0,0,0,0,0,0,0,0,0,0,70.51172361,0,0,0.530546132,,,,,,,,,,,,,,,,,,,,,,,,,,,,,,,,,,,,,,,,,,,,,,,,,,,,,,,,,,,,,,,
GRD,0,0,0,0,0,0,0,0,0,0,0,0,0,0,0,0,0,0,0,0,0,0,0,0,0,0,0,0,0,0,0,0,0,0,0,0,0,0,0,0,0,0,0,0,0,0,0,0,0,0,0,0,0,0,0,0,0,0,0,0,0,0,,,,,,,,,,,,,,,,,,,,,,,,,,,,,,,,,,,,,,,,,,,,,,,,,,,,,,,,,,,,,,,
GUA,9.000695344,16.00123418,5.489342805,15.00116313,0,0,0,13.50104258,0,20.00154283,2.256050982,0,0,0,14.00107854,0,10.00077251,0,14.83170011,5.725428057,9.000695344,8.348157852,0,0,9.000694471,1.165199498,15.00116138,10.00077163,0,0,11.2508694,20.00155112,20.00154632,4.500347672,4.500348108,0,4.500347672,12.0009264,6.316206351,17.4029567,13.30328292,0,19.62759927,7.562420844,8.000620363,5.469338591,11.26410036,0,8.758615418,0,0,0,0,16.25131413,0,0,0,0,6.00046429,4.391685036,0,0.235954142,,,,,,,,,,,,,,,,,,,,,,,,,,,,,,,,,,,,,,,,,,,,,,,,,,,,,,,,,,,,,,,
GIN,0.175113806,0,0,0.140945193,0,0,0.017178674,0.060133016,0.392529209,0,0.024593875,0.016562417,2.981235321,0.0448348,0.574336713,0,0,0,0.072905661,0.379278207,0.130843171,0.064360575,0,0,0.1832764,0.07645559,0.683983216,0.099374487,0,0,0.725586064,0.266759785,0.316070472,0.298123165,0.298123192,0,0.298123632,0.242020643,0.049687196,0,0.244354424,0,0,0.298123087,0.11635644,0.44615058,0.138310364,0,0.591082654,0,0,0,0,1.076560627,0,0.745307041,0,0,0.488524102,0.049687235,0,0.034503127,,,,,,,,,,,,,,,,,,,,,,,,,,,,,,,,,,,,,,,,,,,,,,,,,,,,,,,,,,,,,,,
GUY,2.001401879,0,0,1.636299811,0,0,0,0,0,0,0.528167509,2.750401301,10.53583734,0.08194543,2.529200132,0,0,4.123259179,0,0,0,1.954399635,0,0,0,0.272786563,0,0,0,0,4.128628594,0,3.660521123,4.361406475,3.811443507,4.465027275,4.64822096,3.50877015,1.478696437,0,3.114451333,0,0,0,1.823468547,1.280435546,0,0,0,0,0,0,0,0,0,0,0,0,3.800023688,0,0,0.055239579,,,,,,,,,,,,,,,,,,,,,,,,,,,,,,,,,,,,,,,,,,,,,,,,,,,,,,,,,,,,,,,
HAI,0.702981524,0,0,0.565814028,0,0,0,0.24139959,0,1.914314484,0.098730269,0.066488584,11.96794652,0.179985937,2.305631818,0,0.625870095,0.150851645,0,0,0,0.258370846,0,0,0.735749734,0.306925395,2.745800598,0.39893153,0,0,2.912811717,1.070887464,1.268842031,1.196793518,1.196793387,1.196794129,0,0.971573875,0.199465582,0,0.980942736,0,0,1.196792776,0.467104358,1.791037778,0,0,0,0,0,0,0,0,0,2.991979605,0,0,1.961143774,0,0,0.13851021,,,,,,,,,,,,,,,,,,,,,,,,,,,,,,,,,,,,,,,,,,,,,,,,,,,,,,,,,,,,,,,
HON,9.129344301,4.564673896,0,6.847010408,0,0,0,4.564672151,0,22.82337035,2.059467213,10.72456047,41.08208078,0,9.12934692,0,9.129346047,0,0,0,5.477608327,7.620730137,0,0,8.882063114,1.06366863,9.615442298,9.129347793,0,0,11.41168256,13.69401776,13.69401951,6.84700779,6.847009535,6.847009535,6.847009099,22.82336206,2.282336512,15.88653192,27.38804076,0,17.91733738,6.903461858,7.303479369,3.42350551,0,0,7.995426084,0,0,0,0,0,0,0,0,0,6.847009535,0,0,0.215393989,,,,,,,,,,,,,,,,,,,,,,,,,,,,,,,,,,,,,,,,,,,,,,,,,,,,,,,,,,,,,,,
HUN,13.86901809,5.790058903,3.480770666,3.860040214,2.959890117,4.722137092,6.902203657,6.766884883,5.300685133,13.70313852,0,0,0,0,0,10.22910038,8.439704943,4.82504945,12.65866253,0,3.667036796,0,2.509026368,4.439044534,0,0,0,0,0,5.810118543,24.53463471,23.81291363,14.56095825,0,0,0,0,0,0,4.632047646,0,0,1.737018238,6.70529327,0,0,0,8.106096255,0,0,0,0,0,0,0,0,0,0,29.98277766,0,12.95634594,0.583953635,,,,,,,,,,,,,,,,,,,,,,,,,,,,,,,,,,,,,,,,,,,,,,,,,,,,,,,,,,,,,,,
HRV,0,15.14379762,21.38461274,15.27471989,34.91365694,18.11145773,12.22150693,11.98190457,0,15.10015293,0,0,0,0,0,26.49072975,26.44709685,0,22.41427791,0,19.72621289,0,17.54411304,23.95949381,0,0,0,0,19.8571452,0,20.46812672,19.24615234,25.78262194,14.06409987,0,0,0,0,0,12.0903071,0,0,17.7186752,11.87284915,0,0,0,14.35319801,0,0,0,0,0,0,0,0,0,0,26.8398628,0,0,1.033987704,,,,,,,,,,,,,,,,,,,,,,,,,,,,,,,,,,,,,,,,,,,,,,,,,,,,,,,,,,,,,,,
ISL,0,0,0,0,0,0,0,0,0,0,0,0,0,0,0,0,0,0,0,0,0,0,0,0,0,0,0,0,0,0,0,0,0,0,0,0,0,0,0,0,0,0,0,0,0,0,0,0,0,0,0,0,0,0,0,0,0,0,0,0,0,0,,,,,,,,,,,,,,,,,,,,,,,,,,,,,,,,,,,,,,,,,,,,,,,,,,,,,,,,,,,,,,,
IND,11.24525965,18.88933305,3.447068429,2.957868398,3.857756512,2.702079931,1.405460205,3.667636133,2.001924187,10.26893555,2.282040575,8.483409418,30.95869458,0,14.99507157,12.8940002,10.8083096,11.37886853,11.68896636,4.488579589,9.111822884,13.15500245,7.632074455,6.71434769,11.55731963,1.179616393,8.867172877,3.841449261,3.02016339,0,11.0280509,13.00494706,12.57785837,16.52283369,12.41618241,15.03133594,15.65012546,13.31418907,0,11.33972377,10.24025879,10.80469516,18.9999718,5.958251501,7.973841154,5.641620451,8.877663994,6.506328651,9.032985236,0,0,0,3.291578858,14.11720921,0,6.971040289,0,0,14.63547359,4.497301456,13.22898492,0.178046195,,,,,,,,,,,,,,,,,,,,,,,,,,,,,,,,,,,,,,,,,,,,,,,,,,,,,,,,,,,,,,,
IDN,4.696180536,0,0,4.74361248,0,0,0,1.488170388,0,10.43593934,3.320529958,11.14498545,42.69249443,0.332053349,6.641059131,0,13.97876654,0,14.07009804,5.431421054,1.423085053,1.423084617,0,0,9.230264399,1.067314881,0,5.692327732,0,0,7.589798822,6.641060004,7.589781365,17.67298414,15.44445611,18.0928566,18.83519027,14.21799009,0,0,12.62015932,0,0,7.174088496,4.980802749,9.131459632,4.980794894,0,5.81093334,0,0,0,0,15.41680537,0,10.67313004,0,0,4.743612044,3.130784813,0,0.223837791,,,,,,,,,,,,,,,,,,,,,,,,,,,,,,,,,,,,,,,,,,,,,,,,,,,,,,,,,,,,,,,
IRN,14.49417935,10.2871583,8.12274134,9.237488907,5.176139403,8.510591006,8.881218203,4.950594583,0,31.4291338,0,0,0,0,15.85778576,26.83812148,5.264507606,6.901845356,5.411591845,7.720388542,13.70790729,5.038454792,3.998813171,10.91134765,22.84445384,0,11.47027509,0,5.459976495,0,20.97252819,18.72716873,18.26791846,7.819495748,7.65388807,11.93382716,14.25812552,9.374393197,0,7.556582408,0,18.84313618,7.798696812,12.37168932,0,0,8.548639469,0,0,0,0,0,0,0,0,0,0,0,8.687225725,0,5.132034294,0.203274648,,,,,,,,,,,,,,,,,,,,,,,,,,,,,,,,,,,,,,,,,,,,,,,,,,,,,,,,,,,,,,,
IRQ,29.84511793,49.2931122,19.16383074,24.40069066,0,0,3.453565336,0,0,48.44949796,0,0,0,0,37.71570326,57.3917269,51.44279385,0,51.77888577,19.98801467,44.78839552,29.14421149,26.34453276,0,33.96795997,0,36.77264009,0,17.03616695,0,61.5665401,52.06932373,54.58607007,65.03777336,56.83663909,66.58293819,69.3147701,52.32316781,0,60.75536064,0,48.09212617,68.52181557,26.40113477,0,0,39.32404871,0,0,0,0,0,0,0,0,0,0,0,56.66634338,0,58.59050028,0.823737727,,,,,,,,,,,,,,,,,,,,,,,,,,,,,,,,,,,,,,,,,,,,,,,,,,,,,,,,,,,,,,,
IRL,0,21.45526401,21.4552675,0,21.45525921,21.4552675,0,0,0,80.45726184,0,0,0,0,0,46.48641233,14.30351501,14.30350977,23.45355045,0,0,0,0,25.03114701,0,0,0,0,0,0,45.45694398,44.11980342,26.97807722,0,0,0,0,0,0,12.65089512,0,0,10.97017672,12.42335367,0,0,0,15.01870855,0,0,0,0,0,0,0,0,0,0,0,0,0,10.28605808,,,,,,,,,,,,,,,,,,,,,,,,,,,,,,,,,,,,,,,,,,,,,,,,,,,,,,,,,,,,,,,
ISR,0,15.2647695,0,61.05907888,0,38.16191633,0,26.76007506,20.9618887,152.6476906,0,94.07904631,137.3829438,0,0,0,0,39.270029,50.05946253,17.4781114,0,38.16191633,38.16191939,0,38.16191939,0,31.51970636,0,11.44857407,0,76.32383878,76.32383441,76.32382568,38.16191939,38.16192637,38.16191633,22.89715163,76.32383441,0,22.89715163,86.37657938,38.16191939,19.08095969,38.16192288,0,0,0,0,0,0,0,0,0,0,0,0,0,0,38.16191939,0,0,2.309281298,,,,,,,,,,,,,,,,,,,,,,,,,,,,,,,,,,,,,,,,,,,,,,,,,,,,,,,,,,,,,,,
ITA,39.21205662,29.55585307,25.72436982,38.78434953,38.30200344,35.01845682,14.42076772,17.54031531,13.73980702,35.78820294,0,61.66565124,0,0,0,28.20267667,20.01105549,19.99946853,0,11.45630745,24.56955273,0,24.05408668,22.15605871,0,0,20.66018105,0,13.04154879,0,35.01936588,35.01880639,35.01931264,20.01107732,20.01107077,20.01106379,20.01107251,20.01160495,0,20.01066097,0,0,20.09022439,20.01107251,0,0,0,16.93605816,0,0,0,0,0,0,0,0,0,0,65.87375024,0,0,1.936539294,,,,,,,,,,,,,,,,,,,,,,,,,,,,,,,,,,,,,,,,,,,,,,,,,,,,,,,,,,,,,,,
CIV,2.129190171,0,0,1.740777304,0,1.087378798,0.246382034,0.390705821,0.622696924,3.456451735,0.561890781,2.926013661,11.20854139,0.087177555,2.690688872,0,0,0,3.693973465,1.425971496,3.195266316,2.079187535,0,0,2.423319285,0.290203911,2.623407949,1.544138764,0,0,4.392238417,3.714694981,3.894245033,4.639882707,4.054802059,4.750116457,4.945008399,3.732803994,1.573110462,0,3.3133082,0,0,1.883491096,1.939896198,1.362190143,2.805430674,0,2.181415367,0,0,0,0,4.047543074,0,2.802129326,0,0,4.042655991,1.093790385,0,0.0587666,,,,,,,,,,,,,,,,,,,,,,,,,,,,,,,,,,,,,,,,,,,,,,,,,,,,,,,,,,,,,,,
KAZ,0.825462156,0.627931877,0.493914771,0.554411273,0.403047859,0.662691037,0.532990437,0.385485877,0.405317648,1.850020642,0.794632265,0.081063271,3.647848165,0,0,1.502844029,0.315947664,0.387279531,0.324787901,0.46408664,0.822657498,0.302373536,0.239980961,0.849628645,1.175463414,0.078124135,0.688406951,0.853472812,0.327783287,0,1.258746268,1.210504502,1.096394987,0.469302172,0.459358764,0.71622807,0.8557398,0,0,0.453551445,1.440505963,1.130832592,0.468058548,0.742578102,0.527005582,0,0.513089524,0.851165544,0.857718967,0,0,0,0,1.317283067,0,0.911959772,0,0,0.50275565,0.291827701,0.308040376,0.011283586,,,,,,,,,,,,,,,,,,,,,,,,,,,,,,,,,,,,,,,,,,,,,,,,,,,,,,,,,,,,,,,
JAM,15.10647929,0,0,10.14608401,0,0,0,0,0,33.85659066,14.54227901,1.483509546,66.75794288,1.00397248,17.41718751,0,5.782047965,7.08747165,0,0,0,5.533630338,0,0,0,1.42972131,0,0,0,0,23.03586707,22.15300551,20.06470905,8.588527445,8.406558356,13.10743041,0,10.29630742,6.549137155,0,26.36217637,0,0,0,9.6445389,11.36244427,0,0,0,0,0,0,0,0,0,16.6894495,0,0,9.200730939,0,0,0.206497257,,,,,,,,,,,,,,,,,,,,,,,,,,,,,,,,,,,,,,,,,,,,,,,,,,,,,,,,,,,,,,,
JPN,47.75539707,48.27448891,37.89287259,103.8161282,0,37.89287259,37.89285906,0,0,90.32001981,0,50.86986953,93.43443116,193.6170125,47.23631833,168.1820189,62.28966733,62.28966296,0,0,51.90802265,41.52642292,0,112.1213532,0,0,0,0,0,0,156.2430856,225.8000692,80.45751497,89.28180995,0,0,74.74757897,74.74755279,0,74.74757461,74.74760952,0,74.74759643,0,0,0,186.8687838,21.80139535,0,0,0,0,0,0,0,0,0,0,275.6317768,0,0,55.02253438,,,,,,,,,,,,,,,,,,,,,,,,,,,,,,,,,,,,,,,,,,,,,,,,,,,,,,,,,,,,,,,
JOR,0,30.11302959,4.015069666,24.40067888,0,0,3.453565991,5.476567463,0,130.9262135,0,0,0,0,0,0,0,0,0,0,0,0,0,0,0,0,36.77263005,0,43.64206332,0,218.2103341,43.64207554,54.58606134,52.37047144,52.3704889,52.37048017,0,87.28413362,0,34.91365345,0,48.09213926,68.52183302,26.40113477,0,0,0,0,0,0,0,0,0,0,0,0,0,0,56.66634338,0,58.59050028,0.823738512,,,,,,,,,,,,,,,,,,,,,,,,,,,,,,,,,,,,,,,,,,,,,,,,,,,,,,,,,,,,,,,
KGZ,0.081949393,0.16644561,0.143828022,0.065959258,0.133316786,0.19518409,0.008039242,0.028140928,0.183695019,0.223159458,0,0,0,0,0,0.476163447,0.072960236,0.017585389,0.034118233,0.177493944,0.061231709,0.030119314,0.157901763,0.28783244,0.085769344,0,0.320089121,0,0.143850668,0,0.33955838,0.124837687,0.147914111,0.139515077,0.13951509,0.139515129,0.139515247,0,0,0.139514898,0,0,0.139515142,0.139515064,0,0,0,0,0.276613579,0,0,0,0.178269643,0,0,0,0,0,0.228618509,0,0.520284398,0.0161467,,,,,,,,,,,,,,,,,,,,,,,,,,,,,,,,,,,,,,,,,,,,,,,,,,,,,,,,,,,,,,,
KEN,15.56711432,24.43956745,27.93092276,3.927785184,0,1.092679432,0.045005253,5.237047581,0,15.71113227,0.064431816,0.043390723,7.810334842,0.117459651,8.728416853,0,6.546310458,0,6.546310894,0.993644934,0.342787203,10.47410084,0.883965524,1.611342048,0.480153641,0.200300891,1.791922228,0,0,0,34.91365999,34.91364996,34.91365345,7.855567662,7.855564607,7.855572026,7.855571153,7.855576826,1.309262528,7.855567662,7.855572899,7.855568535,7.855572026,7.855572899,6.98273069,0,4.364205415,0,1.548537622,0,0,0,0,2.820408762,0,19.63893356,0,0,27.93092276,0,0,0.090392335,,,,,,,,,,,,,,,,,,,,,,,,,,,,,,,,,,,,,,,,,,,,,,,,,,,,,,,,,,,,,,,
KHM,0.481982244,0,0,0.911476,0,0,0,0,0,3.083789028,0.214214287,0.107107137,19.27929543,0,3.714167217,0,1.008220904,0,0.471472143,2.452747174,0.846147404,0.416212131,0,0,1.185227017,0.494429441,4.423237813,0,0,0,0,0.642642832,0.642642701,1.927927012,1.927926619,1.927927841,0,1.565118945,0,0,1.580210896,0,0,1.927926401,0.752463292,0,0.894436566,0,3.822461209,0,0,0,2.463467324,0,0,0,0,0,0.214214301,0.32132142,0,0.22312759,,,,,,,,,,,,,,,,,,,,,,,,,,,,,,,,,,,,,,,,,,,,,,,,,,,,,,,,,,,,,,,
PRK,5.673468249,10.01662112,8.655508853,5.23704889,8.022947208,11.7460947,0.483797972,1.6935088,11.05468696,13.42963543,0.692629932,0.466442482,83.95966427,0,0,28.65530949,4.390714872,1.058281191,2.053220811,10.68150321,3.68489897,1.812568591,9.502461279,0,5.161562516,2.153197192,19.26282535,2.798654894,8.656869613,0,20.43447257,7.51267718,8.901405714,8.395957698,8.395957698,8.395958571,8.395968609,0,0,8.39594286,6.881682721,8.395976901,8.395963372,8.395950279,3.276913116,0,3.895194379,19.59061219,16.64648912,0,0,0,0,0,0,20.98986413,0,0,13.75816898,1.399327447,31.31049589,0.971701441,,,,,,,,,,,,,,,,,,,,,,,,,,,,,,,,,,,,,,,,,,,,,,,,,,,,,,,,,,,,,,,
KOR,35.46540221,75.99728265,75.99729574,75.99729574,75.99730447,0,75.99729574,75.99729138,75.99729138,44.58508023,0,31.91886849,0,0,0,0,35.4654057,0,35.46540221,11.60222295,27.28804195,20.33651141,0,16.27420701,0,0,20.92322968,0,0,0,48.13162224,48.13162224,48.1316266,0,0,0,31.91886849,0,0,31.91885845,31.91886849,0,31.91885496,31.91886194,0,0,182.3934469,21.27927519,0,0,0,0,0,0,0,0,0,0,78.70765575,0,34.01163783,1.532934579,,,,,,,,,,,,,,,,,,,,,,,,,,,,,,,,,,,,,,,,,,,,,,,,,,,,,,,,,,,,,,,
KWT,0,0,0,0,0,0,0,0,0,0,0,0,0,0,0,0,0,0,0,0,0,0,0,0,0,0,0,0,0,0,0,0,0,0,0,0,0,0,0,0,0,0,0,0,0,0,0,0,0,0,0,0,0,0,0,0,0,0,0,0,0,0,,,,,,,,,,,,,,,,,,,,,,,,,,,,,,,,,,,,,,,,,,,,,,,,,,,,,,,,,,,,,,,
LVA,0,0.146181809,0.146181769,0.146181795,0.146181835,0.146181822,0,0.146181795,0.146181848,19.78327096,0,0,0,0,0,62.72823082,0.146181822,0.146181769,0,18.59752474,43.74076771,0,0,26.08638033,0,0,0,0,0,0,11.09357553,11.09356768,11.09357597,0,0,0,0,0,0,28.73157793,0,0,0,0,0,0,292.3634382,34.10913944,0,0,0,0,0,52.78807365,0,0,0,0,126.1627168,0,20.55478677,1.770424713,,,,,,,,,,,,,,,,,,,,,,,,,,,,,,,,,,,,,,,,,,,,,,,,,,,,,,,,,,,,,,,
LAO,0.718309011,3.427851692,2.962056029,1.5962415,2.745583347,4.01970489,0.165563521,0.579546441,3.783094232,4.595840442,0,0.159624181,28.73236698,0,0.319248365,9.806313932,1.502574539,0.362161073,0.70264548,3.655385194,1.261032371,0.620290587,3.251897222,5.927743078,1.766369841,0.736859246,6.592053454,0.95774545,2.962522388,0,1.276993671,1.276993671,1.276994064,2.873233687,2.873234342,2.873233687,2.873237222,2.332531653,0,2.873228712,2.355022854,2.873240364,2.873235782,2.873233294,2.793422559,0,0.478872747,6.704227095,5.69670023,0,0,0,3.67136155,10.3756116,0,7.183074398,0,0,2.194832902,0.478872703,10.71496184,0.332532138,,,,,,,,,,,,,,,,,,,,,,,,,,,,,,,,,,,,,,,,,,,,,,,,,,,,,,,,,,,,,,,
LBN,0,36.62077574,24.41385093,26.70264734,0,24.94782122,20.0651171,14.51210096,0,112.1511214,0,0,0,0,35.82893757,74.76740556,18.8825873,14.57965888,12.22705995,17.47111426,30.97001838,15.25865612,9.034395312,0,44.25185995,0,25.91597159,0,19.07332146,0,122.0692481,36.62077923,41.27516594,51.49796179,45.77596312,51.49795742,51.49796615,54.35896548,0,26.70264734,0,42.57164867,22.887982,27.95531213,0,0,0,0,0,0,0,0,0,0,0,0,0,0,30.51731268,0,11.59657872,0.424786047,,,,,,,,,,,,,,,,,,,,,,,,,,,,,,,,,,,,,,,,,,,,,,,,,,,,,,,,,,,,,,,
LSO,4.911143901,8.111391347,3.153489729,4.015237776,3.580844849,2.508122978,0.568299138,0.901192794,1.436298475,7.972573352,0,6.749074992,0,0,0,0,8.465134738,10.11787028,0,3.289114304,7.370124296,4.795805774,4.335106151,0,5.589574231,0,0,0,0,0,10.13103971,8.568230829,8.982373095,10.70224629,9.352713128,10.95650977,11.40604488,0,0,9.997558269,7.642399296,0,11.27556164,4.344420372,0,0,6.470941918,6.032460908,0,0,0,0,0,9.335970285,0,6.463327686,0,0,0,0,0,0.135549702,,,,,,,,,,,,,,,,,,,,,,,,,,,,,,,,,,,,,,,,,,,,,,,,,,,,,,,,,,,,,,,
LBR,0,0,0,0,0,0,0,0,0,0,0,0,0,0,0,0,0,0,0,0,0,0,0,0,0,0,0,0,0,0,0,0,0,0,0,0,0,0,0,0,0,0,0,0,0,0,0,0,0,0,0,0,0,0,0,0,0,0,0,0,0,0,,,,,,,,,,,,,,,,,,,,,,,,,,,,,,,,,,,,,,,,,,,,,,,,,,,,,,,,,,,,,,,
LBY,0,18.03904986,14.18903227,15.92694884,0,0,15.31157082,0,0,53.14681581,0,0,0,0,0,0,9.076445752,11.12565376,0,0,0,8.68648992,0,0,0,0,0,0,9.416448002,0,36.16085774,34.77497467,31.4968449,13.48195572,13.19630443,0,0,0,0,13.02947696,0,32.4861835,13.44623033,21.33253728,0,0,0,0,0,0,0,0,0,0,0,0,0,0,14.442968,0,8.849281375,0.32415194,,,,,,,,,,,,,,,,,,,,,,,,,,,,,,,,,,,,,,,,,,,,,,,,,,,,,,,,,,,,,,,
LTU,0,7.318062366,4.390837943,0,6.342318709,6.342321764,0,0,9.757433071,7.80593223,0,0,0,0,0,11.70889333,5.854447972,5.854450154,5.854450154,0,19.80432084,0,0,4.878707371,0,0,0,0,0,0,10.7331584,10.73315578,10.73315753,0,0,0,0,0,0,10.91861274,0,0,0,17.87651284,0,0,0,0,0,0,0,0,0,0,0,0,0,0,0,0,0,4.87870868,,,,,,,,,,,,,,,,,,,,,,,,,,,,,,,,,,,,,,,,,,,,,,,,,,,,,,,,,,,,,,,
MDG,0.016570276,0.697695379,0,0.148433739,0,0,0,0.063327982,0,0.230937203,0.02590056,0.017442386,0,0,0.662810922,0,0.164188682,0.039573896,0.076779226,0,0.137794964,0.067780127,0,0,0.401174842,0.080517772,0,0.104654374,0,0,0.764137327,0.280932987,0.332863826,0.313962661,0.313962766,0.313962482,0,0.254879394,0,0.313962403,0.257337258,0,0.313963132,0.313962818,0.122538553,0.469854986,0.145658824,0,0.622487311,0,0,0,0,1.133759535,0,0.784905714,0,0,0.169191133,0,0,0.036336297,,,,,,,,,,,,,,,,,,,,,,,,,,,,,,,,,,,,,,,,,,,,,,,,,,,,,,,,,,,,,,,
MWI,8.728412489,5.271384286,4.555078315,1.963892788,0,0,0.254605169,1.963893006,5.817679094,10.47409516,1.745682672,0.24547167,44.18491302,0.664496728,8.728413362,0,2.310673917,0.556934701,1.080535372,5.621286302,1.939227776,6.98273069,5.000799544,0,2.716342159,1.133149375,10.13732199,1.472830158,0,0,17.45683152,17.45682323,17.45682323,4.418486065,4.418486502,4.418487811,4.418492175,2.618524009,0.736414141,0,3.621578652,0,4.418489557,4.41848432,6.98273069,6.612399385,2.049898908,0,8.760440966,0,0,0,0,15.95571507,0,11.04619989,0,0,3.491365345,0,0,0.511370943,,,,,,,,,,,,,,,,,,,,,,,,,,,,,,,,,,,,,,,,,,,,,,,,,,,,,,,,,,,,,,,
MYS,15.09781372,0,0,16.04141107,0,0,0,0,0,38.28460291,8.387670943,1.677533141,75.48904023,0,24.53393731,0,6.538267225,0,6.721202986,9.603855329,17.02419026,3.774449698,0,0,24.32520647,1.572687614,0,17.9286446,0,0,16.98502543,16.98503023,16.98503896,9.711798308,9.506032509,14.82171437,17.70877761,11.64294274,0,0,29.81000352,0,0,15.36700235,13.83964086,19.08194382,15.09780543,0,18.45287398,0,0,0,0,27.26002156,0,18.87221402,0,0,15.09780717,6.039124179,0,0.233504526,,,,,,,,,,,,,,,,,,,,,,,,,,,,,,,,,,,,,,,,,,,,,,,,,,,,,,,,,,,,,,,
MDV,0,0,0,0,0,0,0,0,0,0,0,0,0,0,0,0,0,0,0,0,0,0,0,0,0,0,0,0,0,0,0,0,0,0,0,0,0,0,0,0,0,0,0,0,0,0,0,0,0,0,0,0,0,0,0,0,0,0,0,0,0,0,,,,,,,,,,,,,,,,,,,,,,,,,,,,,,,,,,,,,,,,,,,,,,,,,,,,,,,,,,,,,,,
MLI,0.628364413,1.276256382,1.102831362,0.505756303,0,0,0.061642534,0.215776351,1.408519819,1.711121472,0.088250622,0.059431234,0,0.160881495,2.06090308,0,0,0.134839646,0.261608804,1.360971525,0.469506985,0.230946438,0,0,0.65765435,0.274347116,2.454350147,0.356587357,0,0,2.60363207,0.957219126,1.134162613,1.069761106,1.069761019,1.069761412,1.069762372,0.868447147,0.17829351,0,0.876821493,1.069763506,0,1.06976019,0.417524028,1.600930011,0.496301424,0,0,0,0,0,0,3.863046018,0,2.674398859,0,0,1.752980368,0.178293668,0,0.123808245,,,,,,,,,,,,,,,,,,,,,,,,,,,,,,,,,,,,,,,,,,,,,,,,,,,,,,,,,,,,,,,
MLT,0,0,0,0,0,0,0,0,0,0,0,0,0,0,0,0,0,0,0,0,0,0,0,0,0,0,0,0,0,0,0,0,0,0,0,0,0,0,0,0,0,0,0,0,0,0,0,0,0,0,0,0,0,0,0,0,0,0,0,0,0,0,,,,,,,,,,,,,,,,,,,,,,,,,,,,,,,,,,,,,,,,,,,,,,,,,,,,,,,,,,,,,,,
MRT,0,0.013476289,0.011645054,0.005340401,0,0,0.000650898,0.002278434,0,0.018068129,0.000931859,0.000627548,0,0.001698785,0,0,0,0.001423803,0.002762388,0.014370813,0,0.002438616,0,0,0,0,0,0,0,0,76.37361692,104.7409603,0.011975881,0,0,0,0,0,0,0,0,0.011295886,0,0.011295851,0,0,0.005240565,0,0,0,0,0,0,0.04079077,0,0,0,0,0,0,0,0.001307319,,,,,,,,,,,,,,,,,,,,,,,,,,,,,,,,,,,,,,,,,,,,,,,,,,,,,,,,,,,,,,,
MUS,0,0,0,0,0,0,0,0,0,0,0,0,0,0,0,0,0,0,0,0,0,0,0,0,0,0,0,0,0,0,0,0,0,0,0,0,0,0,0,0,0,0,0,0,0,0,0,0,0,0,0,0,0,0,0,0,0,0,0,0,0,0,,,,,,,,,,,,,,,,,,,,,,,,,,,,,,,,,,,,,,,,,,,,,,,,,,,,,,,,,,,,,,,
MEX,15.71113925,13.96546138,5.237048017,6.546311331,0,10.47410171,17.40312822,7.855576826,0,39.27786668,25.94621772,2.64686329,119.1089325,0,17.67505364,49.07060749,5.455262716,8.728408998,8.728402452,15.15326533,12.43798642,5.237047581,7.835829228,27.74194999,10.4741004,1.309261917,5.891679456,27.86746196,10.70272635,0,39.27783002,14.4018755,17.45680839,3.600467195,4.582415269,23.38615881,27.94145097,7.855572026,0,10.47409778,31.42227807,36.9237717,9.819460232,24.24655256,10.47409429,3.491365345,0,0,13.09261437,0,0,0,0,0,0,29.77716024,0,0,17.45683022,9.528719838,10.05809593,0.002188278,,,,,,,,,,,,,,,,,,,,,,,,,,,,,,,,,,,,,,,,,,,,,,,,,,,,,,,,,,,,,,,
MNG,0.022162086,0.036603552,0.014230491,0.018119209,0.016158965,0.011318188,0.002564514,0.004066735,0.006481459,0.035977104,0.005848546,0.030455964,0.116666264,0,0,0.042617372,0.038199873,0.045658034,0.038449406,0.014842491,0.033258517,0.021641613,0.019562655,0.026645201,0,0.003020642,0.027306259,0.016072455,0.012650544,0,0.045717457,0.038665116,0.040533979,0.048295092,0.042205178,0.049442486,0.051471065,0,0,0.045115109,0.034487188,0,0.050882246,0.019604698,0.020191787,0,0.029200854,0.027222161,0.022705682,0,0,0,0,0.042129618,0,0.029166495,0,0,0.042078717,0.01138493,0.04350754,0.000611685,,,,,,,,,,,,,,,,,,,,,,,,,,,,,,,,,,,,,,,,,,,,,,,,,,,,,,,,,,,,,,,
MAR,4.364207117,4.364207117,4.364206245,4.364207117,4.364205415,4.364206245,4.364210172,4.364205415,4.364206245,27.61550059,0,23.37753514,89.55124734,0,25.31240224,54.98901291,15.27472164,15.27472164,15.27472687,0,3.054945942,3.054945113,9.164835776,3.054944677,36.6593095,0,3.054945288,0,3.054945506,0,25.74880763,25.74882596,25.74883426,48.87911919,48.8791061,48.8791061,48.87912356,29.82343175,0,20.07534899,0,27.41181259,24.43955567,15.04826077,0,0,0,0,0,0,0,0,0,0,0,22.38774877,0,0,32.29897518,0,33.39571734,0.411867724,,,,,,,,,,,,,,,,,,,,,,,,,,,,,,,,,,,,,,,,,,,,,,,,,,,,,,,,,,,,,,,
MOZ,0.109524947,0.222453787,0.192225324,0.088154103,0,0.26086242,0.010744397,0.037610197,0.245507334,0.298251329,0.015382236,0.010358957,1.864613153,0.028041911,0.359218856,0,0.097510936,0.023502773,0.045598833,0.237219505,0.081835841,0.040254307,0.211034745,0,0.114630135,0.047819128,0.42779738,0.062153762,0,0,0.453817749,0.166844878,0.197686199,0.18646104,0.186461158,0.186461276,0.186461328,0.151371837,0.031076854,0.186460796,0.152831332,0,0.186461237,0.186461119,0.072775058,0.279044726,0.086506227,0,0.369692555,0,0,0,0.238256344,0.673334595,0,0.466152306,0,0,0.305547318,0,0,0.021579976,,,,,,,,,,,,,,,,,,,,,,,,,,,,,,,,,,,,,,,,,,,,,,,,,,,,,,,,,,,,,,,
MDA,0.182680747,0.174568232,0,0,0.133197373,0.093295134,0.021139134,0.033521853,0.053426273,0.296557306,0,0,0,0,0,0,0.314879323,0.376356384,0,0.122345852,0,0,0.161253815,0.219634789,0,0,0,0,0,0,0,0,0,0,0,0,0,0,0,0.371881082,0,0,0.419419369,0.161600263,0,0,0,0.22439064,0,0,0,0,0,0,0,0,0,0,0,0,0.358630006,0.005042071,,,,,,,,,,,,,,,,,,,,,,,,,,,,,,,,,,,,,,,,,,,,,,,,,,,,,,,,,,,,,,,
NAM,0.079558545,0.060520588,0,0.05343453,0,0,0.051369955,0.037153314,0,0.178306306,0.076587162,0.007812927,0.351581708,0,0.091727904,0,0.030451252,0,0.031303253,0,0,0.02914296,0.023129541,0,0.113291964,0,0.066349091,0.082258252,0,0,0.121318766,0,0.105671187,0,0,0,0.082476641,0.054225683,0,0,0.138836836,0.108990284,0.045111744,0.071570148,0.050793125,0.059840518,0,0,0,0,0,0,0,0.126960542,0,0.087895245,0,0,0.048455804,0,0,0.001087523,,,,,,,,,,,,,,,,,,,,,,,,,,,,,,,,,,,,,,,,,,,,,,,,,,,,,,,,,,,,,,,
NPL,2.012868658,4.088293505,3.532752164,1.620113754,3.274572374,4.794178361,0.19746249,0.6912072,4.511979156,5.481317466,0.282697558,0.19037888,34.26820212,0,6.601789999,0,1.792074539,0.431938392,0.83802387,4.359664677,1.503994216,0.73980142,3.878437615,7.0698372,2.106696483,0.878829028,7.862137975,1.14227336,3.533309037,0,8.340345485,3.066306191,3.633115825,3.426817855,3.426817026,3.426818248,3.42682139,2.781938498,0,3.426812007,2.808764884,0,0,3.426815979,1.337475073,0,1.589826771,7.995924913,6.794279008,0,0,0,4.378720723,12.37467138,0,8.567031545,0,0,5.615405534,0.571136702,12.77940529,0.396600743,,,,,,,,,,,,,,,,,,,,,,,,,,,,,,,,,,,,,,,,,,,,,,,,,,,,,,,,,,,,,,,
NLD,0,4.122162891,4.122164549,13.7405437,3.206126513,3.206127342,0,0,0,31.14522644,0,0,0,0,0,22.90091402,24.73298398,24.73298572,0,0,24.66881399,0,0,11.45045373,0,0,0,0,0,4.580182105,35.72541946,35.72540942,35.72541291,0,0,0,0,0,0,16.94667322,0,0,16.94667147,0,0,0,0,19.2367946,0,0,0,0,0,0,0,0,0,0,0,0,4.580181668,10.48815358,,,,,,,,,,,,,,,,,,,,,,,,,,,,,,,,,,,,,,,,,,,,,,,,,,,,,,,,,,,,,,,
ANT,0,0,0,0,0,0,0,0,0,0,0,0,0,0,0,0,0,0,0,0,0,0,0,0,0,0,0,0,0,0,0,0,0,0,0,0,0,0,0,0,0,0,0,0,0,0,0,0,0,0,0,0,0,0,0,0,0,0,0,0,0,0,,,,,,,,,,,,,,,,,,,,,,,,,,,,,,,,,,,,,,,,,,,,,,,,,,,,,,,,,,,,,,,
NCL,0,0,0,0,0,0,0,0,0,0,0,0,0,0,0,0,0,0,0,0,0,0,0,0,0,0,0,0,0,0,0,0,0,0,0,0,0,0,0,0,0,0,0,0,0,0,0,0,0,0,0,0,0,0,0,0,0,0,0,0,0,0,,,,,,,,,,,,,,,,,,,,,,,,,,,,,,,,,,,,,,,,,,,,,,,,,,,,,,,,,,,,,,,
MKD,8.797697762,6.692449846,5.264103917,5.908866138,4.295646783,7.062888947,5.68056183,4.10846897,4.319831078,19.71736446,0,0,0,0,0,16.0171631,3.367342621,4.127595193,3.461559166,4.946184989,0,3.222669781,2.557696132,9.055261893,12.52798466,0,7.336975528,0,3.493483818,0,13.41560276,12.90144553,11.68526377,0,0,0,0,0,0,4.833910099,0,0,4.988524776,7.914328213,0,0,0,9.071643816,0,0,0,0,0,0,0,0,0,0,5.358311428,0,0,0.12025966,,,,,,,,,,,,,,,,,,,,,,,,,,,,,,,,,,,,,,,,,,,,,,,,,,,,,,,,,,,,,,,
VUT,0,0,0,0,0,0,0,0,0,0,0,0,0,0,0,0,0,0,0,0,0,0,0,0,0,0,0,0,0,0,0,0,0,0,0,0,0,0,0,0,0,0,0,0,0,0,0,0,0,0,0,0,0,0,0,0,0,0,0,0,0,0,,,,,,,,,,,,,,,,,,,,,,,,,,,,,,,,,,,,,,,,,,,,,,,,,,,,,,,,,,,,,,,
NZL,0,61.64856973,73.54564154,147.091318,0,61.64855664,0,0,29.70423479,122.2155668,0,133.3154858,0,0,0,0,0,55.64793829,0,0,0,0,0,48.66989912,0,0,0,0,0,0,122.2155668,0,81.59738465,44.51037374,37.60970104,64.81392884,133.7753335,0,0,38.2636761,0,0,33.18021368,37.57545904,0,0,0,0,0,0,0,0,0,0,0,0,0,0,0,0,72.60539503,3.258064937,,,,,,,,,,,,,,,,,,,,,,,,,,,,,,,,,,,,,,,,,,,,,,,,,,,,,,,,,,,,,,,
NIC,2.868179543,10.7985604,0,2.676967064,0,0,0,6.883629594,0,4.589086832,1.725401942,8.984928338,34.41815844,0,4.589085523,0,3.441814273,0,0,0,3.824238401,6.384574268,0,0,7.441305817,0.891130984,8.0557224,6.118781425,0,0,11.4727173,11.47271643,11.47271555,3.441815321,3.44181471,3.441815102,3.441814491,8.03090272,0.382423844,13.30957916,9.178172355,0,15.01096557,5.783653121,7.648477763,2.868179761,0,0,6.698489036,0,0,0,0,0,0,0,0,0,3.441814491,0,0,0.18045505,,,,,,,,,,,,,,,,,,,,,,,,,,,,,,,,,,,,,,,,,,,,,,,,,,,,,,,,,,,,,,,
NER,0.051739582,0.105087051,0,0.041644016,0,0,0.005075652,0.017767057,0.115977658,0.140893856,0.007266566,0.00489357,0,0,0.169694998,0,0.046064162,0.011102705,0.021540891,0.112062497,0,0.019016138,0,0,0.054151317,0,0.202091551,0,0,0,0.214383514,0.078817503,0.093387014,0,0,0,0.088084337,0,0,0,0.072197569,0.08808442,0,0.08808418,0,0,0.040865527,0,0.174642681,0,0,0,0,0.31808331,0,0,0,0,0.144340589,0,0,0.010194372,,,,,,,,,,,,,,,,,,,,,,,,,,,,,,,,,,,,,,,,,,,,,,,,,,,,,,,,,,,,,,,
NGA,0.829199531,1.115647946,0,0.610988979,0,0,0.305494385,0.174568232,0.197549512,0.567346869,0.480062866,0.130926283,3.555891843,0.610988892,0.853616395,0,1.164300733,1.391619341,1.171907895,0.452387336,0.916483578,0.305494228,0,0,0,0.092066654,0.832272544,0.489875348,0,0,1.393430574,1.178479604,1.235441492,0,0,0,1.56879675,1.184226043,0.499066629,0,1.051141829,1.088465485,0,0.597534741,0.615429123,0.432152531,0.890018025,0,0.692050496,0,0,0,0.19633182,1.284076298,0,0,0,0,1.282524998,0.347003214,0,0.018643604,,,,,,,,,,,,,,,,,,,,,,,,,,,,,,,,,,,,,,,,,,,,,,,,,,,,,,,,,,,,,,,
NOR,0,31.35082771,28.36502952,0,28.36503258,28.36502603,0,0,0,67.18034135,0,0,0,0,0,0,0,0,0,0,0,0,0,33.59017373,0,0,0,0,0,0,55.98361125,0,55.98361561,0,0,0,0,0,0,26.40817031,0,0,0,0,0,0,0,0,0,0,0,0,0,0,0,0,0,0,0,0,20.15410153,14.18251476,,,,,,,,,,,,,,,,,,,,,,,,,,,,,,,,,,,,,,,,,,,,,,,,,,,,,,,,,,,,,,,
PAK,3.120582214,12.87088692,12.30646538,3.22090363,0,0,2.648789869,4.138716108,0,34.61325114,5.864328536,29.50212968,112.9983667,0,18.07974304,41.27746675,37.02212215,44.22376755,37.24611287,14.3758561,32.21284756,20.72632933,18.94754153,25.81098842,13.01471503,2.925851138,26.45407216,0,0,0,44.28017929,37.45189002,39.26662579,46.77532281,40.88062202,51.1282742,53.22602616,37.6371004,0,43.71266222,0,34.58899837,49.28482457,18.99195214,0,0,30.19648631,0,0,0,0,0,6.240742235,40.80723352,0,0,0,0,40.7536236,0,44.43503007,0.568866005,,,,,,,,,,,,,,,,,,,,,,,,,,,,,,,,,,,,,,,,,,,,,,,,,,,,,,,,,,,,,,,
PAN,11.40452308,0,0,7.659707739,0,9.155677488,0,5.325839984,0,25.55977159,10.97858,0,50.39839991,0.757941332,13.14897068,0,4.365113127,0,4.487246324,0,11.36578071,4.177571601,0,0,16.24012343,1.079357298,9.510979337,11.79151823,0,0,17.39075351,16.72424575,15.14769486,6.483844258,6.346466888,0,0,7.773119505,4.944220223,6.266233566,19.90192065,0,6.466661504,10.25940674,7.28107004,8.577990068,7.088805788,0,0,0,0,0,0,0,0,0,0,0,6.946019856,0,0,0.15589353,,,,,,,,,,,,,,,,,,,,,,,,,,,,,,,,,,,,,,,,,,,,,,,,,,,,,,,,,,,,,,,
PNG,10.3903744,0,0,8.494917394,0,0,0,1.906626977,0,16.86735638,2.742002952,14.27882233,54.69723078,0.425423151,13.13045466,0,0,0,18.02645564,6.958684784,0,10.14635502,0,0,0,1.41618306,0,7.535334395,0,0,21.433961,0,19.00375077,0,0,0,0,18.21594818,0,0,16.16882583,0,0,9.191365352,9.466618922,6.647435237,13.6903802,0,0,0,0,0,0,0,0,0,0,0,0,5.33765171,0,0.28677869,,,,,,,,,,,,,,,,,,,,,,,,,,,,,,,,,,,,,,,,,,,,,,,,,,,,,,,,,,,,,,,
PRY,8.728414235,8.728415108,0.775352204,3.927787279,0.880426764,0.616675191,0.139728356,11.78335891,0.353144395,1.960225414,0.318659878,1.659403441,6.356599703,0.049440243,8.728413362,0,7.855572026,6.546313077,0,0.808698278,3.927785184,1.179150558,18.32967286,1.451772555,1.309262004,0,1.487790178,13.96546138,0.689269056,0,34.91365999,34.91366349,34.91367003,7.85557028,7.855571153,7.855572899,0,7.855571153,7.855572026,7.855571153,7.855572899,0,7.855571153,7.855571153,2.61852379,0.772526729,1.591017937,1.483208285,0,0,0,0,0,0,0,0,0,0,7.855568535,0,2.370522683,0.033327782,,,,,,,,,,,,,,,,,,,,,,,,,,,,,,,,,,,,,,,,,,,,,,,,,,,,,,,,,,,,,,,
PER,7.972953911,6.065062405,4.770615573,5.354937023,3.892952312,6.40077333,0,3.723317475,3.914863728,17.86894924,7.675167941,0.782971759,35.23370385,0.529880023,9.192508338,14.51562375,3.051667681,3.740649005,3.137054476,4.482501558,7.945866589,2.920557879,2.317922297,8.206369577,11.35354653,0.75458386,6.649166517,8.243503303,3.165985588,0,12.15794925,11.6919973,10.58982869,4.532885015,4.436843228,6.91788207,8.265397218,5.434221129,3.456524966,4.380753134,13.91351685,10.92245935,4.52086599,7.17239693,5.090222139,5.996912699,4.955815047,0,8.28451288,0,0,0,2.803011899,12.72333702,0,0,0,0,4.855992112,2.818698386,2.975292319,0.108985858,,,,,,,,,,,,,,,,,,,,,,,,,,,,,,,,,,,,,,,,,,,,,,,,,,,,,,,,,,,,,,,
PHL,5.564360463,0,0,5.586183679,0,0,0,0,0,19.20251289,1.963893006,11.54147581,44.21139066,0.343866681,19.2025094,0,14.47608098,0,14.57065727,5.624655906,2.618524838,2.618523398,0,0,9.558635602,1.963891348,0,8.728415108,0,0,6.546307403,6.98273069,6.546308712,18.30173408,15.99390406,18.73654174,0,14.72381692,0,0,13.06914454,0,19.28214569,7.429319959,6.109887608,9.819468524,0,0,0,0,0,0,0,0,0,0,0,0,6.98273069,2.618523179,16.48745786,0.231801346,,,,,,,,,,,,,,,,,,,,,,,,,,,,,,,,,,,,,,,,,,,,,,,,,,,,,,,,,,,,,,,
POL,11.24316614,13.74883831,8.41770454,15.48246879,4.726780171,7.990173761,11.19480418,9.837946138,10.62719721,9.171527414,0,0,0,0,0,23.79381499,3.089273134,3.08864735,34.93697097,16.681209,31.75557689,0,11.2141171,18.68650917,0,0,0,0,0,0,13.58409038,13.58223995,13.5813418,0,0,0,0,0,0,13.58330875,0,0,20.60113508,13.57638319,0,0,152.7372704,22.37183993,0,0,0,0,0,27.57767951,0,0,0,0,72.2029148,0,35.75621854,1.319765602,,,,,,,,,,,,,,,,,,,,,,,,,,,,,,,,,,,,,,,,,,,,,,,,,,,,,,,,,,,,,,,
PRT,11.72687517,18.42793516,16.75267594,20.10321619,11.72687909,11.72687255,11.98229996,11.74738956,0,26.80428229,0,41.2996954,60.30966603,124.9750285,18.04012695,30.15481643,11.72687168,11.72687255,21.97557127,7.672707402,18.04595055,13.44881001,8.855978687,23.45374859,23.45374684,0,0,0,8.257945772,0,26.80428229,26.80429582,26.80428753,10.0516081,10.05160504,10.05160722,10.05160548,10.05160417,0,10.0516081,10.05160722,10.05160504,10.05160897,10.05160635,0,0,120.619223,14.07226574,0,0,0,0,0,0,0,0,0,0,52.05043108,0,10.05160635,1.909094238,,,,,,,,,,,,,,,,,,,,,,,,,,,,,,,,,,,,,,,,,,,,,,,,,,,,,,,,,,,,,,,
GNB,0.379348026,0,0,0.305328815,0,0,0.037214047,0.130265822,0.850333551,1.033016319,0.053277541,0.035879052,6.458231166,0,1.244182081,0,0,0,0.157935062,0.8216282,0,0.13942397,0,0,0.397030705,0.165625301,0,0.215274371,0,0,1.571832535,0.577880056,0.684701826,0.645822375,0.645822462,0,0.645823291,0.52428786,0.107637096,0,0.529343488,0,0,0.645822287,0,0.966492978,0,0,0,0,0,0,0,0,0,1.614553886,0,0,0,0.107637179,0,0.074743922,,,,,,,,,,,,,,,,,,,,,,,,,,,,,,,,,,,,,,,,,,,,,,,,,,,,,,,,,,,,,,,
PRI,0,0,0,27.0703479,0,0,0,0,0,0,6.389684317,53.79450772,78.55575517,162.7849878,23.49798768,0,19.08406614,0,0,0,0,0,0,0,0,2.0146105,0,0,0,0,55.47828412,0,0,17.96050244,15.17599325,26.1532426,0,15.08971593,7.861523931,0,49.39022016,0,0,15.16217224,11.53442194,0,0,0,0,0,0,0,0,0,0,0,0,0,67.79778059,0,0,1.320450085,,,,,,,,,,,,,,,,,,,,,,,,,,,,,,,,,,,,,,,,,,,,,,,,,,,,,,,,,,,,,,,
ERI,0,0.851299176,0.735619942,0.337353931,0,0,0.041117337,0.143929044,0.93952301,1.141366871,0,0,7.13561976,0,0,0,0.373161008,0.089941896,0.174500509,0,0,0.154047789,0,0,0,0,1.637121678,0,0,0,0,0,0.756518513,0,0,0,0,0,0,0,0,0,0,0.713561016,0,0,0,0,0,0,0,0,0,0,0,0,0,0,0,0,0,0.082583612,,,,,,,,,,,,,,,,,,,,,,,,,,,,,,,,,,,,,,,,,,,,,,,,,,,,,,,,,,,,,,,
QAT,0,0,0,0,0,0,0,0,0,0,0,0,0,0,0,0,0,0,0,0,0,0,0,0,0,0,0,0,0,0,0,0,0,0,0,0,0,0,0,0,0,0,0,0,0,0,0,0,0,0,0,0,0,0,0,0,0,0,0,0,0,0.103415005,,,,,,,,,,,,,,,,,,,,,,,,,,,,,,,,,,,,,,,,,,,,,,,,,,,,,,,,,,,,,,,
ZWE,2.69217615,17.28225758,4.724994338,5.856763184,0,6.412125941,0.26410256,0.924477364,6.034689272,7.331167642,0.378102878,0.254628164,45.83312987,0,0.436420668,0,2.396866475,0,1.120841614,5.830972032,2.011566989,0.989470832,5.187342322,0,1.832966937,1.175418463,10.51546828,0,0,0,11.1550611,4.10112964,4.859224679,4.583306004,4.583303822,4.58330775,4.583314732,3.720792345,0,4.583298148,3.756673237,0,4.583309059,4.583305131,1.788848997,0,2.126365002,0,9.087226216,0,0,0,5.856458562,16.55090077,0,11.4582517,0,0,14.40188554,0,0,0.530446323,,,,,,,,,,,,,,,,,,,,,,,,,,,,,,,,,,,,,,,,,,,,,,,,,,,,,,,,,,,,,,,
ROM,4.865694179,3.701356088,2.911388288,3.267982029,2.37577038,3.906232113,3.141716365,2.272247732,2.389145277,10.90497722,0,0,0,0,0,8.858522583,1.862357949,2.282827005,1.9144647,2.735559114,4.849164747,0,1.414570573,5.008142322,0,0,0,0,0,0,7.419692519,7.13533085,6.462702732,0,0,0,0,0,0,2.673463043,0,0,2.758974261,4.377133025,0,0,0,5.017204161,0,0,0,0,0,0,0,0,0,0,2.963492158,0,1.815748178,0.066511356,,,,,,,,,,,,,,,,,,,,,,,,,,,,,,,,,,,,,,,,,,,,,,,,,,,,,,,,,,,,,,,
RWA,0.039776922,0.080790006,0.069811801,0.032015555,0,0,0.003902116,0.013659156,0.089162602,0.108317956,0.005586471,0.003762135,0,0.010184175,0.130459968,0,0.035413721,0.008535665,0.016560444,0.086152661,0.02972089,0.014619439,0.076642976,0,0.041631052,0.017366811,0.155366098,0.022572812,0,0,0.164816107,0.060594204,0.071795093,0.067718378,0.067718365,0,0.067718461,0.054974729,0.011286394,0,0.055504845,0,0.067718422,0.067718356,0.026430248,0.101342592,0.031417055,0,0,0,0,0,0,0,0,0.16929569,0,0,0.110967701,0,0,0.007837348,,,,,,,,,,,,,,,,,,,,,,,,,,,,,,,,,,,,,,,,,,,,,,,,,,,,,,,,,,,,,,,
RUS,2.775655088,2.111455781,1.660813211,1.864234208,1.355262532,2.228327272,1.792207516,1.296212372,1.362896839,6.220787337,2.67198781,0.272578984,12.26605806,0,0,5.053380815,1.062389219,1.302246673,1.092115271,1.560510867,2.766224736,1.016745247,0.806947358,2.856915002,3.95255258,0.262696028,0,2.869841869,1.102186333,0,4.232600319,4.070380967,3.686679916,1.578050177,1.544615117,2.408349707,2.877461294,0,0,1.525088434,4.843767532,3.802476808,1.5738687,2.496953358,1.77208058,0,1.72529048,2.862079037,2.884119502,0,0,0,0,4.429416221,0,3.066506988,0,0,1.690536382,0.981284235,1.035800988,0.037941596,,,,,,,,,,,,,,,,,,,,,,,,,,,,,,,,,,,,,,,,,,,,,,,,,,,,,,,,,,,,,,,
SRM,5.491840877,4.177668573,3.286044608,3.688525801,2.681499075,4.408910123,3.546014072,2.564655253,2.696595215,12.30829006,0,0,0,0,0,9.998491337,2.102016918,2.576593016,2.160830364,3.087587721,5.473182148,2.011707255,1.596606827,5.652620434,0,0,0,0,2.180759427,0,8.374508932,8.053550771,7.294366905,3.122291761,0,0,0,0,0,3.01750118,0,0,3.114016396,4.940410707,0,0,0,5.662843588,0,0,0,0,0,0,0,0,0,0,3.344852468,0,2.049408414,0.075070404,,,,,,,,,,,,,,,,,,,,,,,,,,,,,,,,,,,,,,,,,,,,,,,,,,,,,,,,,,,,,,,
KNA,0,0,0,0,0,0,0,0,0,0,0,0,0,0,0,0,0,0,0,0,0,0,0,0,0,0,0,0,0,0,0,0,0,0,0,0,0,0,0,0,0,0,0,0,0,0,0,0,0,0,0,0,0,0,0,0,0,0,0,0,0,0,,,,,,,,,,,,,,,,,,,,,,,,,,,,,,,,,,,,,,,,,,,,,,,,,,,,,,,,,,,,,,,
STL,0,0,0,0,0,0,0,0,0,0,0,0,0,0,0,0,0,0,0,0,0,0,0,0,0,0,0,0,0,0,0,0,0,0,0,0,0,0,0,0,0,0,0,0,0,0,0,0,0,0,0,0,0,0,0,0,0,0,0,0,0,0,,,,,,,,,,,,,,,,,,,,,,,,,,,,,,,,,,,,,,,,,,,,,,,,,,,,,,,,,,,,,,,
VCT,0,0,0,0,0,0,0,0,0,0,0,0,0,0,0,0,0,0,0,0,0,0,0,0,0,0,0,0,0,0,0,0,0,0,0,0,0,0,0,0,0,0,0,0,0,0,0,0,0,0,0,0,0,0,0,0,0,0,0,0,0,0,,,,,,,,,,,,,,,,,,,,,,,,,,,,,,,,,,,,,,,,,,,,,,,,,,,,,,,,,,,,,,,
STP,0,0,0,0,0,0,0,0,0,0,0,0,0,0,0,0,0,0,0,0,0,0,0,0,0,0,0,0,0,0,0,0,0,0,0,0,0,0,0,0,0,0,0,0,0,0,0,0,0,0,0,0,0,0,0,0,0,0,0,0,0,0,,,,,,,,,,,,,,,,,,,,,,,,,,,,,,,,,,,,,,,,,,,,,,,,,,,,,,,,,,,,,,,
SAU,0,35.73442631,102.0983241,21.10989204,0,0,12.17092316,11.93231365,0,47.64590349,0,0,0,0,0,0,0,0,22.32150623,0,0,13.66050938,0,0,0,0,14.05462692,0,0,0,54.45245115,54.45245115,54.45246861,0,0,0,42.09452698,0,0,0,0,19.81760461,10.44067145,11.82370469,0,0,0,0,0,0,0,0,0,0,0,0,0,0,0,0,81.67868982,1.029707814,,,,,,,,,,,,,,,,,,,,,,,,,,,,,,,,,,,,,,,,,,,,,,,,,,,,,,,,,,,,,,,
SEN,4.247290195,7.014952937,2.727223566,3.472487009,0,0,0.491480809,0.779375871,1.242150063,6.894897102,1.120854532,5.836782973,0,0.173901059,5.367362792,0,0,8.75020821,7.368705929,2.844514632,0,4.147543371,0,0,4.834015276,0.578896,5.233152963,3.080232156,0,0,8.761596608,7.410038894,7.768197553,9.255592945,0,0,0,7.446163615,0,0,0,6.844042311,0,3.757171411,0,0,5.596245794,0,0,0,0,0,0,8.07400057,0,0,0,0,0,0,0,0.117227073,,,,,,,,,,,,,,,,,,,,,,,,,,,,,,,,,,,,,,,,,,,,,,,,,,,,,,,,,,,,,,,
SLE,0.202246965,0,0,0.162784128,0,0,0.019840435,0.069450392,0.453349993,0,0.028404589,0.01912869,0,0,0.66332795,0,0,0.04339984,0.084202113,0,0,0.074332997,0,0,0.211674385,0.088302089,0.789963698,0.114772151,0,0,0.838012392,0,0.365044448,0,0,0,0.344316596,0.279520756,0.057386023,0,0.282216138,0,0,0.34431605,0.134385388,0.51527957,0,0,0,0,0,0,0,0,0,0.860789187,0,0,0.564218823,0.057386075,0,0.03984924,,,,,,,,,,,,,,,,,,,,,,,,,,,,,,,,,,,,,,,,,,,,,,,,,,,,,,,,,,,,,,,
SVN,0,28.68707394,25.39917227,48.14231454,11.90288057,18.9895767,27.75647058,27.21231641,0,62.10660631,0,0,0,0,0,45.28787898,33.93937835,39.933683,50.9054509,0,41.80266498,0,20.51448856,24.93052412,0,0,0,0,19.12917283,0,98.66341413,95.76113813,58.55535969,31.94121672,0,0,0,0,0,27.45851572,0,0,23.810543,26.96463547,0,0,0,32.59779896,0,0,0,0,0,0,0,0,0,0,120.5725827,0,0,2.348307824,,,,,,,,,,,,,,,,,,,,,,,,,,,,,,,,,,,,,,,,,,,,,,,,,,,,,,,,,,,,,,,
SVK,0,4.332402525,4.365331337,2.899393091,3.550276418,2.603536319,10.58051678,10.37308865,0,9.141961223,0,0,0,0,0,5.621272337,5.325415347,5.325415347,5.325414911,0,15.9347935,0,3.846132797,4.999974709,0,0,0,0,0,0,11.89342639,11.89342551,11.89342639,0,0,0,0,0,0,2.662707324,0,0,2.662707499,2.662706888,0,0,0,12.42598573,0,0,0,0,0,0,0,0,0,0,9.970360533,0,19.86102629,0.22951579,,,,,,,,,,,,,,,,,,,,,,,,,,,,,,,,,,,,,,,,,,,,,,,,,,,,,,,,,,,,,,,
SGP,0,0,0,0,0,0,0,0,0,0,0,0,157.111506,0,0,0,0,0,0,0,0,0,0,0,0,4.029220956,0,0,0,0,0,0,65.85118293,0,0,0,0,0,0,0,0,0,0,30.32434753,0,0,0,0,0,0,0,0,0,0,0,0,0,0,0,0,0,2.640900344,,,,,,,,,,,,,,,,,,,,,,,,,,,,,,,,,,,,,,,,,,,,,,,,,,,,,,,,,,,,,,,
SOM,0,0,0,0,0,0,0,0,0,0,0,0,0,0,0,0,0,0,0,0,0,0,0,0,0,0,0,0,0,0,0,0,0,0,0,0,0,0,0,0,0,0,0,0,0,0,0,0,0,0,0,0,0,0,0,0,0,0,0,0,0,0,,,,,,,,,,,,,,,,,,,,,,,,,,,,,,,,,,,,,,,,,,,,,,,,,,,,,,,,,,,,,,,
ZAF,22.71002667,9.252115109,6.240819045,9.252122528,6.502659663,4.102355371,14.66356075,7.288225594,11.15102901,68.12528811,21.86182957,2.230202703,100.3591659,0,23.17394009,0,9.033903029,10.65480387,8.935527701,12.76787986,4.276923027,4.276918881,7.026371447,0,4.582416579,2.149341677,18.93936912,0,0,0,67.64528211,67.64511627,67.64515119,14.79465803,14.79464625,14.79466152,14.79464145,24.35228114,0,13.13625993,24.3522711,24.35227284,15.36200621,13.1362464,14.49891582,0,14.1160588,23.41712766,23.59746017,0,0,0,7.984052088,36.24089555,0,25.0897186,0,0,60.8370935,0,0,0.133788134,,,,,,,,,,,,,,,,,,,,,,,,,,,,,,,,,,,,,,,,,,,,,,,,,,,,,,,,,,,,,,,
ESP,15.12887072,23.12678921,22.46483987,48.92733931,16.01028773,14.721939,12.07460294,11.83787833,0,40.41659556,0,41.61787749,60.7743493,0,18.17911079,44.37860961,4.762982575,4.762972974,22.14487456,7.731822327,15.94168545,13.55231328,2.453381642,29.60289398,8.187211147,0,0,0,7.879054949,18.97176812,41.13486891,41.13486542,41.13476897,10.39197432,10.39197258,10.39196647,10.39196603,10.3919525,0,10.39195905,0,10.39196647,10.37369266,10.39195992,0,0,0,14.18069009,0,0,0,0,0,0,0,0,0,0,45.57702513,0,0,0.461408239,,,,,,,,,,,,,,,,,,,,,,,,,,,,,,,,,,,,,,,,,,,,,,,,,,,,,,,,,,,,,,,
SUR,1.445599123,0,0,0.970918895,0,0,0,0,0,0,1.391608125,0.141962873,6.388330104,0,1.666719466,0,0,0,0.568788279,0,1.44068795,0.529534902,0,0,0,0.136815689,0,1.49465346,0,0,2.204393526,0,1.920070785,0.821870108,0.804456792,1.254301848,1.498621354,0.98529433,0.626712997,0,2.522700301,0,0,1.30044766,0.922923881,1.087317611,0,0,0,0,0,0,0,0,0,0,0,0,0,0,0,0.019760539,,,,,,,,,,,,,,,,,,,,,,,,,,,,,,,,,,,,,,,,,,,,,,,,,,,,,,,,,,,,,,,
TJK,0.361636814,0.73451235,0.634702682,0.291073361,0.588317231,0.861333098,0.035476574,0.124183898,0.810632712,0.98478638,0,0,0,0,0,2.101274392,0.3219682,0.077603062,0.150561294,0.783267565,0.270211201,0.132914498,0.696809052,1.270183327,0.378493793,0,1.412530045,0,0.634802447,0,1.498445825,0.55089957,0.652734143,0.615669896,0.615670158,0.615670114,0.615670682,0,0,0.615668761,0,0,0.615670376,0.615669591,0,0,0,0,1.220675853,0,0,0,0.78669098,0,0,0,0,0,1.008876932,0,2.295978411,0.071254193,,,,,,,,,,,,,,,,,,,,,,,,,,,,,,,,,,,,,,,,,,,,,,,,,,,,,,,,,,,,,,,
SWZ,3.557311083,5.87536256,0,2.908374977,0,0,0,0.652765173,0,5.774808619,0,4.888588371,18.72649446,0,4.495423538,0,6.131588625,0,6.171647679,0,0,3.473767249,0,0,4.048721322,0,0,0,0,0,7.338262096,0,6.506243549,7.752006346,0,7.93617805,8.261791511,6.236523357,0,0,5.535654458,5.732214835,0,3.146813628,0,0,0,0,0,0,0,0,0,0,0,0,0,0,6.754195952,0,0,0.098183338,,,,,,,,,,,,,,,,,,,,,,,,,,,,,,,,,,,,,,,,,,,,,,,,,,,,,,,,,,,,,,,
SWE,0,9.552330196,9.074708362,0,7.164243719,7.164242846,0,0,0,35.82122296,0,0,0,0,0,19.10465166,19.10464817,19.10465166,0,0,0,0,0,17.1941892,0,0,0,0,0,0,33.43313561,33.43314565,33.43314216,0,0,0,0,0,0,16.89732146,0,0,0,0,0,0,0,0,0,0,0,0,0,0,0,0,0,0,0,0,0,3.59330767,,,,,,,,,,,,,,,,,,,,,,,,,,,,,,,,,,,,,,,,,,,,,,,,,,,,,,,,,,,,,,,
CHE,10.68286703,10.39087891,10.96399395,22.49024828,10.68286353,10.68286615,10.05379893,9.856694334,7.721016115,21.64685573,0,34.65268087,0,0,0,21.08460364,17.14881324,17.14881149,18.43869511,6.437814971,15.14152692,0,13.21301934,20.24121764,0,0,11.60983631,0,6.928864596,12.65076201,40.7635657,40.7635657,40.7635657,14.33753051,14.33753051,14.33753051,14.33753051,14.33753226,0,14.33753357,0,0,14.33753051,14.33753226,0,0,0,11.80739391,0,0,0,0,0,0,0,0,0,0,43.67314433,0,12.65076114,1.708094328,,,,,,,,,,,,,,,,,,,,,,,,,,,,,,,,,,,,,,,,,,,,,,,,,,,,,,,,,,,,,,,
SYR,10.24913384,8.992292064,8.992295992,8.992289446,0,5.234238341,1.185991364,1.880712493,0,8.992291191,0,0,0,0,0,17.98458064,17.66601362,21.11512472,17.78141852,6.86409715,15.38081376,10.00843605,9.046999577,12.32240608,14.98715708,0,12.62812225,0,8.99229381,0,8.992288573,17.88115898,18.74543992,22.33465645,19.51830426,22.8652938,23.80343589,17.96833531,0,20.8640458,0,16.51535344,8.992291191,9.066427716,0,0,13.50429915,0,0,0,0,0,0,0,0,0,0,0,19.45982782,0,20.12060363,0.282880711,,,,,,,,,,,,,,,,,,,,,,,,,,,,,,,,,,,,,,,,,,,,,,,,,,,,,,,,,,,,,,,
TKM,0.463475215,0.765490144,0.297601612,0.378926697,0.337932193,0,0.053631627,0.085047556,0.135546647,0.752389188,0,0,0,0,0,0.891256368,0.798873357,0.954845522,0.804092425,0.310400927,0,0.452590752,0.409113473,0.557230594,0.527500221,0,0.571055222,0,0.264560618,0,0.95608823,0.808602789,0.847686485,0,0.882636143,1.033989886,1.076413597,0,0,0.943491602,0,0,1.064099377,0.409992442,0,0,0,0,0.474843537,0,0,0,0.13471112,0,0,0,0,0,0.879991478,0,0,0.012792128,,,,,,,,,,,,,,,,,,,,,,,,,,,,,,,,,,,,,,,,,,,,,,,,,,,,,,,,,,,,,,,
TWN,0,0,0,0,0,0,0,0,0,0,0,0,0,0,0,0,0,0,0,0,0,0,0,0,0,0,0,0,0,0,0,0,0,0,0,0,0,0,0,0,0,0,0,0,0,0,0,0,0,0,0,0,0,0,0,0,0,0,0,0,0,0,,,,,,,,,,,,,,,,,,,,,,,,,,,,,,,,,,,,,,,,,,,,,,,,,,,,,,,,,,,,,,,
TZA,0.075735422,0.406594872,0.351344369,0.075735356,0,0.476797566,0.018933821,0.028400743,0.44873227,0.545136024,0.018933834,0.018933832,3.408091219,0.05125436,0.656571459,0,0.018933796,0.018933845,0.018933844,0.433583332,0.149577624,0.073575781,0.385723713,0,0.11360301,0.087402583,0.781916101,0.113603062,0,0,0.189338436,0.189338187,0.189338318,0.340808886,0.340808419,0.340808912,0.340809148,0.276673561,0.056801485,0.34080821,0.279341401,0.340809563,0.340808729,0.34080855,0.037867674,0.510031131,0.359743141,0,0.675714485,0,0,0,0,0,0,0.852020361,0,0,1.43897046,0,0,0.039443312,,,,,,,,,,,,,,,,,,,,,,,,,,,,,,,,,,,,,,,,,,,,,,,,,,,,,,,,,,,,,,,
THA,11.30475513,21.49590568,8.357025483,9.744170684,0,0,1.506041945,2.388239617,3.806313775,21.12801179,4.567573039,17.88563927,68.51366323,0,19.88799621,0,22.4333316,26.81323066,22.57989825,8.716443216,5.709472518,7.993263619,11.48841142,0,14.8128559,1.598652157,16.03592569,13.05567049,0,0,12.18020714,12.18020452,12.18020364,28.36189602,24.78551724,29.03570597,30.22700565,22.81725392,9.615841623,0,20.25300973,0,29.88120773,11.51309232,8.564203103,12.56083404,9.135156988,0,12.1802019,0,0,0,3.782851582,24.74114155,0,17.12836736,0,0,9.706098654,4.282104781,25.5503353,0.359218358,,,,,,,,,,,,,,,,,,,,,,,,,,,,,,,,,,,,,,,,,,,,,,,,,,,,,,,,,,,,,,,
TGO,0.656244318,0,0,0.492183228,0,0,0.328122181,0.492183228,3.888248788,4.723585572,0.164061091,0.164061077,29.53100415,0.444116597,5.689164991,0,1.544339168,0,0.722176309,3.756989119,1.296083759,1.312488506,0,0,3.937465212,0.75734073,6.775283362,0.984366499,0,0,6.562444494,0,6.562445366,2.953097054,0,0,0,2.397366133,0,0,2.42048351,2.953104343,0,2.953096007,1.968732606,4.419400367,0,0,5.855044559,0,0,0,0,0,0,0,0,0,0.328122207,0,0,0.341774999,,,,,,,,,,,,,,,,,,,,,,,,,,,,,,,,,,,,,,,,,,,,,,,,,,,,,,,,,,,,,,,
TRI,6.088426185,0,0,5.255445767,0,0,0,0,0,0,1.240495461,10.44368319,15.25083503,31.60312337,4.561906989,0,0,0,5.557084894,0,0,0,0,0,0,0.391117109,0,0,0,0,10.770571,0,6.392184135,3.48685725,2.946272134,5.077398354,10.47970666,2.929522046,1.526238708,0,9.588635595,0,0,2.943589325,2.239296313,2.282331929,0,0,0,0,0,0,0,0,0,0,0,0,13.16228413,0,0,0.256352597,,,,,,,,,,,,,,,,,,,,,,,,,,,,,,,,,,,,,,,,,,,,,,,,,,,,,,,,,,,,,,,
OMN,0,2.105106384,0,0,0,0,0,1.996885623,1.564214463,4.557487794,0,0,0,0,0,0,0,0,0,0,0,0,0,0,0,0,0,0,0,0,7.240085776,7.027113799,4.29689163,0,1.980513869,0,0,1.969254129,0,0,0,3.316497562,0,1.978710274,0,0,0,0,0,0,0,0,0,0,0,0,0,0,8.847820239,0,0,0.1723228,,,,,,,,,,,,,,,,,,,,,,,,,,,,,,,,,,,,,,,,,,,,,,,,,,,,,,,,,,,,,,,
TUN,0,11.95671568,4.648447899,0,0,3.697133718,0,1.328416595,2.117196022,11.75208719,0,0,0,0,0,13.92115072,12.47814934,14.91438786,12.55967447,0,0,0,6.390223733,8.703771742,8.239394402,0,0,0,4.132355714,0,14.9338064,12.63012106,13.24059545,15.77579541,13.78650403,16.15059959,16.81324677,0,0,14.73704221,0,11.66540444,16.6209009,6.4039544,0,0,0,0,0,0,0,0,0,0,0,0,0,0,13.74519419,0,0,0.199808962,,,,,,,,,,,,,,,,,,,,,,,,,,,,,,,,,,,,,,,,,,,,,,,,,,,,,,,,,,,,,,,
TUR,11.39088668,12.45081632,11.56900915,13.91425571,10.47106378,10.8141284,10.32235737,11.51012815,0,28.01968723,0,1.750589917,0,0,14.90792665,26.9810139,7.499071329,7.603039825,7.600504221,9.512745968,4.409398914,7.132548668,17.44421068,17.41776358,16.58396531,0,14.11206468,0,6.356656438,0,20.73115527,22.50939362,20.72550842,23.26427612,23.26410635,23.26500887,23.23153104,11.53377517,0,9.297094369,0,23.11642072,8.267317033,15.18673312,0,0,16.20177253,13.33274699,0,0,0,0,0,0,0,0,0,0,0.621005095,0,4.825176448,0.212038783,,,,,,,,,,,,,,,,,,,,,,,,,,,,,,,,,,,,,,,,,,,,,,,,,,,,,,,,,,,,,,,
ARE,0,5.076568282,0,0,0,0,0,0,0,10.99060993,0,0,0,0,0,0,0,0,0,0,0,0,0,0,0,0,0,0,0,0,17.45983192,0,10.36217072,0,4.77610749,0,16.98831997,4.748955578,0,0,0,7.997901898,4.213599829,4.771758995,0,0,0,0,0,0,0,0,0,0,0,0,0,0,21.33696084,0,0,0.415565089,,,,,,,,,,,,,,,,,,,,,,,,,,,,,,,,,,,,,,,,,,,,,,,,,,,,,,,,,,,,,,,
UGA,0.12789522,0.259765154,0.224466752,0.102939996,0,0.304616145,0.012546522,0.043918465,0,0.348276066,0.017962255,0.01209644,2.177359666,0.032745299,0.419469518,0,0.113866167,0.027444818,0.053246996,0.277007672,0.095561943,0.047006058,0.246431071,0,0.133856835,0.055839719,0.499550533,0,0,0,0.529935187,0.19482925,0.230843687,0.217735718,0.217735705,0.217735783,0.21773598,0.176761011,0.036289285,0.217735329,0.178465438,0.217736202,0,0.2177355,0.084981439,0.325847993,0.101015578,0,0.431700015,0,0,0,0,0,0,0.544338509,0,0,0.356796084,0,0.811987537,0.025199521,,,,,,,,,,,,,,,,,,,,,,,,,,,,,,,,,,,,,,,,,,,,,,,,,,,,,,,,,,,,,,,
GBR,0,13.30977729,15.84438415,0,16.9246942,16.92469769,0,0,0,58.69626247,0,0,0,0,0,18.00499116,0,10.80299225,23.61830711,0,0,0,0,16.20449798,0,0,0,0,0,0,23.40648947,23.40648117,23.40647943,0,0,0,0,0,0,9.002489906,0,0,9.002495579,0,0,0,0,15.12421281,0,0,0,0,0,0,0,0,0,0,0,0,0,4.252470683,,,,,,,,,,,,,,,,,,,,,,,,,,,,,,,,,,,,,,,,,,,,,,,,,,,,,,,,,,,,,,,
UKR,0.936795948,1.547240449,0.601525851,0.765902038,0.683042904,0.478422491,0.108402473,0.171901632,0.273972846,1.52075949,0,0,0,0,0,1.801445363,1.614717281,1.929974741,1.625265744,0.627395559,1.405844255,0,0.826917182,1.126298662,0,0,0,0,0,0,1.932486953,1.634381742,1.713379993,0,0,0,0,0,0,1.907023815,0,0,2.150801548,0.828694418,0,0,1.234326175,1.150687114,0,0,0,0,0,1.780827716,0,0,0,0,1.778675944,0,1.839073859,0.02585599,,,,,,,,,,,,,,,,,,,,,,,,,,,,,,,,,,,,,,,,,,,,,,,,,,,,,,,,,,,,,,,
USA,15.8077414,9.105338546,6.202348127,15.97266128,2.366756024,4.86740233,9.436107008,8.307922485,0,47.80037458,0,48.46764433,34.88397335,0,10.68325064,9.623601619,9.531387677,12.71858571,12.71028673,5.631135444,13.38688584,10.07441282,2.471264677,28.13192895,13.22438592,0,0,0,12.35229872,0,58.4424533,35.45862677,18.54647836,14.60807597,14.12279103,18.13579734,30.11358559,10.68462144,0,7.805439511,0,22.48042096,16.31843607,8.54455719,0,0,0,10.38300849,6.916365944,0,0,0,0,0,0,8.720963225,0,0,36.31443679,3.261583928,13.00988734,0.699498276,,,,,,,,,,,,,,,,,,,,,,,,,,,,,,,,,,,,,,,,,,,,,,,,,,,,,,,,,,,,,,,
BFA,1.737937253,3.529884138,0,1.398826829,0,0,0.170491574,0.596797146,3.89570006,4.732641737,0.244084699,0.164375532,0,0.444967705,5.700067652,0,1.54729954,0.372941047,0.723560679,3.764189449,1.298568301,0.638753582,0,0,1.81894797,0,6.788269059,0,0,0,7.201159234,2.64748759,3.13687886,2.958757823,2.958757212,2.958758478,0,0,0,0,0,2.958764064,0,2.958756383,0,0,1.372676677,0,5.866265807,0,0,0,0,10.68444774,0,0,0,0,4.848411921,0,0,0.342430023,,,,,,,,,,,,,,,,,,,,,,,,,,,,,,,,,,,,,,,,,,,,,,,,,,,,,,,,,,,,,,,
URY,29.37287018,29.37285708,25.70126091,11.01482386,0,11.74914179,0,22.02964292,0,29.37285054,0,1.468642745,0,0.9939115,29.37286363,0,11.01481993,17.62371093,0,8.407957521,11.01482866,5.478176983,17.62371573,15.39292836,0,0,12.47203509,0,5.938529651,0,29.37285054,29.37285359,29.37285054,23.49828226,23.49829055,23.49828226,0,0,0,23.49827746,0,0,17.62371268,23.49828401,0,0,0,0,0,0,0,0,0,0,0,0,0,0,9.108527472,0,0,0.793938312,,,,,,,,,,,,,,,,,,,,,,,,,,,,,,,,,,,,,,,,,,,,,,,,,,,,,,,,,,,,,,,
UZB,8.212288315,13.56366895,5.27318714,6.714178795,5.987798489,4.194020776,0.950294876,1.506952057,2.40174352,13.33153723,0,0,0,0,0,15.79211885,14.15518697,16.91885228,14.24767062,5.499975322,12.32413649,8.019428784,7.249058148,9.87353668,9.34674813,0,10.11849218,0,4.687733614,0,16.94087624,14.32757663,15.02010029,17.89602783,15.63937555,18.32120761,19.0729121,0,0,16.71766671,0,0,18.85471486,7.264629201,0,0,0,0,8.413723947,0,0,0,2.386937337,0,0,0,0,0,15.59251269,0,16.12197301,0.226662668,,,,,,,,,,,,,,,,,,,,,,,,,,,,,,,,,,,,,,,,,,,,,,,,,,,,,,,,,,,,,,,
VEN,15.4606495,6.871394977,0,9.161868115,0,9.362253284,0,9.161876407,0,13.74280436,11.22628931,1.145232685,51.53548087,0.77504265,20.0416032,21.23163987,10.30710098,9.16186637,0,0,6.871396286,4.27183122,10.30710534,12.0032547,10.30710796,1.103710488,18.32373623,9.734482145,0,0,22.90467334,17.17852825,17.17851821,16.03326222,16.03326047,16.03325218,16.03326702,5.72616779,3.435700456,6.40761597,20.35097046,0,6.612567407,10.49087641,10.30709879,2.290464759,0,0,0,0,0,0,0,0,0,12.88384687,0,0,11.45235173,0,0,0.178799523,,,,,,,,,,,,,,,,,,,,,,,,,,,,,,,,,,,,,,,,,,,,,,,,,,,,,,,,,,,,,,,
VNM,17.67504055,25.03336272,9.732296987,23.56671259,11.05120083,7.740567761,1.753883977,2.781260082,4.432702905,24.11224191,13.74724668,20.82897984,79.78865229,0,18.54788189,29.14623605,26.12510394,31.22576046,26.29575882,10.15086281,13.96546138,13.96546138,13.37900103,18.22279038,17.25054158,3.927786449,18.67489034,10.99203266,8.651773092,0,23.56671608,15.71114405,23.56671608,33.02928196,28.86433667,33.81398116,35.20132319,26.57217763,0,30.85445026,23.5859631,24.42345873,34.79862474,13.4077533,31.42228156,0,16.80219092,18.6173762,31.09495907,0,0,0,4.405377298,28.81265748,0,19.94711332,0,0,24.8759999,19.63893356,29.75503153,0.418333336,,,,,,,,,,,,,,,,,,,,,,,,,,,,,,,,,,,,,,,,,,,,,,,,,,,,,,,,,,,,,,,
ETH,1.418733023,3.488807134,2.281143861,1.824914626,0,3.379087443,0.139177706,0.487184029,3.180182308,3.863401483,0.199253957,0.134185036,24.15330473,0.363241511,4.653145967,0,0.375717774,0.375717591,0.375717512,3.072825399,1.060061919,0.521435065,2.733642703,4.983041151,1.484864589,0,5.541478055,0,0,0,5.878534465,2.161228685,2.560733577,2.415326327,2.415327157,2.415327593,2.415329033,1.033225233,0,0,1.979704134,2.41533235,2.415330473,2.415326764,0.187858887,0,1.120559555,0,4.788815624,0,0,0,0,8.722054713,0,6.038307635,0,0,3.957914968,0,9.00732021,0.279536441,,,,,,,,,,,,,,,,,,,,,,,,,,,,,,,,,,,,,,,,,,,,,,,,,,,,,,,,,,,,,,,
WSM,0,0,0,0,0,0,0,0,0,0,0,0,0,0,0,0,0,0,0,0,0,0,0,0,0,0,0,0,0,0,0,0,0,0,0,0,0,0,0,0,0,0,0,0,0,0,0,0,0,0,0,0,0,0,0,0,0,0,0,0,0,0,,,,,,,,,,,,,,,,,,,,,,,,,,,,,,,,,,,,,,,,,,,,,,,,,,,,,,,,,,,,,,,
YEM,0,0.066628915,0.025903517,0.032982115,0,0,0.004668144,0.007402611,0,0.065488596,0,0.055438504,0,0,0,0,0.069534621,0.083110586,0.069988905,0,0,0,0,0,0.045914108,0,0.049705141,0,0,0,0.083218775,0.070381478,0.073783342,0.087910812,0.076825391,0,0.09369198,0.070724614,0,0.082122307,0,0.065005583,0.092620157,0.035686103,0.036754786,0,0,0,0,0,0,0,0,0,0,0,0,0,0.076595223,0,0,0.001113438,,,,,,,,,,,,,,,,,,,,,,,,,,,,,,,,,,,,,,,,,,,,,,,,,,,,,,,,,,,,,,,
ZAR,0.034005257,0.069067376,0.059682071,0.027370068,0,0,0.003335916,0.011677215,0,0.092600972,0.004775874,0.003216249,0.578924454,0.008706446,0.1115302,0,0.030275189,0.007297135,0.014157512,0,0.025408352,0.012498163,0.065522052,0,0.035590353,0,0.132822295,0.019297482,0,0,0.140901258,0.051801938,0.061377579,0.057892419,0.057892393,0.057892397,0,0.046997954,0.009648721,0,0.047451063,0.057892541,0,0.057892424,0.022595212,0.08663779,0.026858427,0,0.114782075,0,0,0,0,0.20905662,0,0.144730806,0,0,0.094866244,0.009648735,0.215894372,0.006700145,,,,,,,,,,,,,,,,,,,,,,,,,,,,,,,,,,,,,,,,,,,,,,,,,,,,,,,,,,,,,,,
ZMB,0.748264969,1.519783392,1.313267342,2.313030457,0,0,0.04364211,0.256949433,1.677284774,2.037626715,0.105090027,0.070771477,12.73887316,0.191579871,2.454152056,0,0.666186156,0.160568874,0.311527224,1.620663033,3.447725198,0.275013849,1.441772368,0,0.783143796,0.326696268,2.922673646,0.424629084,0,0,3.100441313,1.139870035,1.350575592,1.273885658,1.273886094,1.2738864,1.273887447,1.03415961,0.212314334,0,1.044130906,0,1.273886836,1.273885789,0.49719325,1.906409116,0.591002658,0,2.525705494,0,0,0,0,4.600164498,0,3.184710784,0,0,2.087473112,0.212314518,0,0.147432577,,,,,,,,,,,,,,,,,,,,,,,,,,,,,,,,,,,,,,,,,,,,,,,,,,,,,,,,,,,,,,,
BEL,0,14.48704212,14.48704387,17.38445072,11.58962959,11.58963396,0,0,0,28.97409428,0,0,0,0,0,28.9740777,28.97408424,28.97408773,0,0,0,0,0,28.97407464,0,0,0,0,0,0,28.97408424,28.9740777,28.9740777,0,0,0,0,0,0,17.38445378,0,0,17.38444897,0,0,0,0,24.33826505,0,0,0,0,0,0,0,0,0,0,90.02224999,0,0,20.28185888,,,,,,,,,,,,,,,,,,,,,,,,,,,,,,,,,,,,,,,,,,,,,,,,,,,,,,,,,,,,,,,
LUX,0,32.26140678,28.56383441,54.14069405,13.38594754,21.35561826,0,0,0,69.84490774,0,0,0,0,0,50.93060619,38.16813271,44.90931023,0,0,47.01114708,0,0,28.03679143,0,0,0,0,0,26.2759558,110.9565639,107.6927003,65.85118293,0,0,0,0,0,0,30.87976222,0,0,26.77727396,0,0,0,0,36.65939286,0,0,0,0,0,0,0,0,0,0,135.5955743,0,58.59438879,2.640899907,,,,,,,,,,,,,,,,,,,,,,,,,,,,,,,,,,,,,,,,,,,,,,,,,,,,,,,,,,,,,,,
SDN,0.415439112,0.686151878,0.266757132,0.339653506,0,0.212164891,0.048073085,0.076232919,0.121498061,0.674408103,0.109633773,0.570911422,2.186965198,0.017009746,0.524996563,0,0.716073882,0.855881724,0.720753839,0.278229772,0.623446869,0.405682007,0.366711369,0.49947717,0.472828757,0,0.511868986,0,0,0,0.856995906,0.724796579,0.759828589,0.905314962,0.791157091,0.9268233,0.964850029,0.728330277,0,0,0.646479057,0.669434871,0.953812208,0.367499528,0.378504748,0,0.547384114,0,0.425628936,0,0,0,0,0.789739989,0,0.546740001,0,0,0.78878593,0,0.815569677,0.011466295,,,,,,,,,,,,,,,,,,,,,,,,,,,,,,,,,,,,,,,,,,,,,,,,,,,,,,,,,,,,,,,
